block_len,state,score_decile,score_min,score_max,actual_mass,iid_mass,survival_ratio
3,balanced|deep_32_63|even,0,-7.76547467212114,-2.4569256140149744,0.0002219326794147487,0.0003238767000801351,0.6852381766265899
3,balanced|deep_32_63|even,1,-2.4561333262840406,-1.6694638394340946,0.00023425617218017535,0.0003148586836722733,0.7440041654496827
3,balanced|deep_32_63|even,2,-1.668103401630641,-1.0905648245274937,0.0002325069844722746,0.00031177911917212885,0.7457426433484494
3,balanced|deep_32_63|even,3,-1.089789787449365,-0.6446287532000088,0.0002544165313243862,0.00029070656150205487,0.8751661125563823
3,balanced|deep_32_63|even,4,-0.6442450594901165,-0.17417280367884247,0.00019920904040336568,0.0003453204834432694,0.5768816214346941
3,balanced|deep_32_63|even,5,-0.1733349459584999,0.2574110912676364,0.0002482334554195401,0.0002970719637421047,0.835600412414002
3,balanced|deep_32_63|even,6,0.2578630353497939,0.7248977692330554,0.0002624872267246245,0.00028316878182011834,0.9269638589304956
3,balanced|deep_32_63|even,7,0.7267368171503765,1.3149665811827547,0.000276313751935959,0.000271793433676924,1.016631447632426
3,balanced|deep_32_63|even,8,1.315640154253937,2.155283923707719,0.00028411819338798535,0.00026099468837129667,1.0885976077175665
3,balanced|deep_32_63|even,9,2.157534871034363,5.552941726128212,0.00036322302222251916,0.00018025062101519802,2.015099976781182
3,balanced|deep_32_63|odd,0,-7.327289446511967,-2.656856317639324,0.0001457621634006501,0.00021667191546352976,0.6727321493827141
3,balanced|deep_32_63|odd,1,-2.651248907245144,-1.8059343890620834,0.00014606539607048044,0.00021553133072615572,0.6776991334780207
3,balanced|deep_32_63|odd,2,-1.8055655296123319,-1.1837833011567294,0.00014038735628128056,0.0002196744591044092,0.6390699986408332
3,balanced|deep_32_63|odd,3,-1.1817075404943116,-0.7083695265413985,0.00016368498206138627,0.00019681998483554156,0.8316481794171351
3,balanced|deep_32_63|odd,4,-0.7076826984767804,-0.24525217306095398,0.00017827268242836015,0.00018314827686607092,0.973378977290209
3,balanced|deep_32_63|odd,5,-0.2440436831823825,0.23628489567884856,0.00017846862673759475,0.0001840764621121192,0.9695352935938721
3,balanced|deep_32_63|odd,6,0.2366501035432038,0.7835120287846729,0.00016459514498710651,0.00019491946450509606,0.8444264168538349
3,balanced|deep_32_63|odd,7,0.7841586352116967,1.3614581422065177,0.00019342538118362443,0.00017468202164288744,1.107299877597336
3,balanced|deep_32_63|odd,8,1.361862731401145,2.1178679848643793,0.0001961859285831453,0.00015815262263151538,1.2404848261052546
3,balanced|deep_32_63|odd,9,2.118787326413654,5.342642633093264,0.00023050702810287492,0.00013039566464752593,1.7677507049483678
3,balanced|exhaustion_0_31|even,0,-2.4266072584335965,-0.5653426954504992,0.0019106000840663953,0.0020157232244130572,0.9478484252830535
3,balanced|exhaustion_0_31|even,1,-0.5650508547770028,-0.3532649663150617,0.0019075054585933706,0.0020213463793937844,0.9436806467407355
3,balanced|exhaustion_0_31|even,2,-0.35321910632243336,-0.21471626297988558,0.001958878773450854,0.001967436261739453,0.9956504368375151
3,balanced|exhaustion_0_31|even,3,-0.2146880738531922,-0.10199211210276814,0.0018981551647186297,0.002024370929943456,0.9376518584821054
3,balanced|exhaustion_0_31|even,4,-0.101969488678511,0.006071817964481639,0.001841097414493564,0.002084885480415411,0.8830688456455303
3,balanced|exhaustion_0_31|even,5,0.006084925063738268,0.10264642981485327,0.0019907697498798434,0.001937208854398506,1.027648487853917
3,balanced|exhaustion_0_31|even,6,0.10268536866762627,0.2098821160039024,0.001932020044326783,0.0019918511161798637,0.9699620762982377
3,balanced|exhaustion_0_31|even,7,0.20991148969543388,0.33098827798893166,0.0019625598192215005,0.00196948291778218,0.9964848141112717
3,balanced|exhaustion_0_31|even,8,0.3310916507964417,0.516967169711772,0.001891071105003359,0.002028570645043457,0.93221851041961
3,balanced|exhaustion_0_31|even,9,0.517527763736368,2.1134012672703038,0.002123513334989548,0.0018024138478745506,1.1781497004662083
3,balanced|exhaustion_0_31|odd,0,-2.869366017604574,-0.6872486710722405,0.0012385178208351136,0.0013963784556285358,0.88694996391765
3,balanced|exhaustion_0_31|odd,1,-0.6872369132472629,-0.4534513638001325,0.0013233951091766343,0.0013110515929306748,1.0094149736841151
3,balanced|exhaustion_0_31|odd,2,-0.453365103906433,-0.27602358111310904,0.0012698359489440923,0.0013642952891720658,0.93076327318751
3,balanced|exhaustion_0_31|odd,3,-0.2759875961671056,-0.13688608209709807,0.0013090631842613222,0.001325057837735863,0.9879290903241846
3,balanced|exhaustion_0_31|odd,4,-0.13687685612374131,-0.0112775877695271,0.0012633309364318854,0.0013712633505579878,0.9212897988689167
3,balanced|exhaustion_0_31|odd,5,-0.011268431275597693,0.11164320755193202,0.0013305548250675207,0.001303350878237,1.0208723125021548
3,balanced|exhaustion_0_31|odd,6,0.11167326490229584,0.2479626939889832,0.0012877987682819378,0.0013468530856752452,0.956153853734017
3,balanced|exhaustion_0_31|odd,7,0.24797328359583842,0.40487138341221995,0.001368047058582306,0.0012657422159998355,1.0808259701614344
3,balanced|exhaustion_0_31|odd,8,0.40488710295494906,0.6358823863465278,0.0014124510765075686,0.0012224402999782705,1.1554356286623368
3,balanced|exhaustion_0_31|odd,9,0.6359933282672221,2.4811082069008394,0.0013446652889251703,0.0012887319802510622,1.043401816305677
3,balanced|tail_64_95|even,0,-19.36241312775645,-9.216401241746249,8.666706085205078e-06,6.719343024625445e-05,0.12898145032100342
3,balanced|tail_64_95|even,1,-9.205531540495116,-6.078952376072096,2.8929710388183595e-06,7.102855579721045e-05,0.04072968971913092
3,balanced|tail_64_95|even,2,-6.075873111053509,-4.833230195070011,3.3911508321762085e-05,4.118239026348781e-05,0.8234468204685033
3,balanced|tail_64_95|even,3,-4.830232472247616,-3.0463364287254997,4.789161682128907e-06,6.818155939624667e-05,0.07024130460695427
3,balanced|tail_64_95|even,4,-3.0408165948398405,-1.8684488841383071,2.507638931274414e-05,5.2954911410341906e-05,0.4735422767197154
3,balanced|tail_64_95|even,5,-1.8608930787919895,-0.3308497841769593,2.0250290632247924e-05,5.128967583198594e-05,0.3948219657028749
3,balanced|tail_64_95|even,6,-0.31497742234744175,1.1499075736730249,3.083078861236572e-05,4.32515195064395e-05,0.7128255599846725
3,balanced|tail_64_95|even,7,1.1573473253991304,3.522087965144447,4.621710777282717e-05,2.8722518180815016e-05,1.6090896864223252
3,balanced|tail_64_95|even,8,3.5502080435844303,8.492886607954736,5.579674243927005e-05,2.373666524508097e-05,2.3506563311724253
3,balanced|tail_64_95|even,9,8.526347437596304,15.299336221661754,6.701385974884033e-05,1.0141877671041427e-06,66.07638340993613
3,balanced|tail_64_95|odd,0,-28.17968886598473,-13.764581240270306,3.120884895324707e-05,3.1787985932707064e-05,0.9817812622452398
3,balanced|tail_64_95|odd,1,-13.71293197457746,-10.48677075912293,1.7540192604064938e-05,4.530304981415744e-05,0.38717465327430417
3,balanced|tail_64_95|odd,2,-10.439361208838596,-7.724830265527446,1.5546339750289917e-05,4.7670864082325666e-05,0.3261182705528898
3,balanced|tail_64_95|odd,3,-7.715475948313329,-5.156441272155855,1.924319267272949e-05,4.302461395969417e-05,0.4472600890912509
3,balanced|tail_64_95|odd,4,-5.1354663331487505,-2.3636881355452286,2.032666206359863e-05,4.622745915128748e-05,0.4397096971537211
3,balanced|tail_64_95|odd,5,-2.358232553538753,0.47208975880061543,2.6007843017578122e-05,3.3894377430936654e-05,0.767320275186403
3,balanced|tail_64_95|odd,6,0.4874077889067984,3.699733980940414,4.280104637145997e-05,2.3140258302519797e-05,1.8496356355192138
3,balanced|tail_64_95|odd,7,3.7388918097625043,7.134652471123004,5.125503540039064e-05,1.1358788242017289e-05,4.512368248119387
3,balanced|tail_64_95|odd,8,7.2702467974103575,11.009173802247886,5.3945493698120125e-05,6.150285042735791e-06,8.771218459514504
3,balanced|tail_64_95|odd,9,11.279204699823472,17.67404714179912,6.122229099273683e-05,3.9345671198855803e-07,155.6010842547711
3,early_growth|deep_32_63|even,0,-6.082890704445306,-1.9471776279686837,0.0003484683871269231,0.0004963789558891246,0.7020208713375834
3,early_growth|deep_32_63|even,1,-1.9469238025616935,-1.3232899310491104,0.0003312681972980501,0.0005119647629820105,0.6470527295053121
3,early_growth|deep_32_63|even,2,-1.3229346217261944,-0.8377168685695962,0.00029244081377983105,0.0005536560900343938,0.5281993985863395
3,early_growth|deep_32_63|even,3,-0.8373958534459136,-0.45026727324626603,0.0003002239584922792,0.000541175840356612,0.5547623084845109
3,early_growth|deep_32_63|even,4,-0.4501679527283899,-0.0883676603421932,0.0003514007270336154,0.0004927644134378046,0.7131211537416922
3,early_growth|deep_32_63|even,5,-0.08794288244158481,0.28389530772155164,0.000379914397001267,0.00046462891875750375,0.8176727312135936
3,early_growth|deep_32_63|even,6,0.28421637314865755,0.6797428916772826,0.0003880686461925511,0.0004547048131880055,0.8534518107951004
3,early_growth|deep_32_63|even,7,0.6803372549036029,1.1676520235965562,0.0004559558391571046,0.0003877438609696475,1.1759202015910104
3,early_growth|deep_32_63|even,8,1.1679768299505737,1.8523526100357073,0.0004942813277244568,0.0003528790436043594,1.4007103473070923
3,early_growth|deep_32_63|even,9,1.8523622667830364,5.277329633680674,0.000604272121191024,0.00023586996607606722,2.5618866668092384
3,early_growth|deep_32_63|odd,0,-7.948636366100649,-2.4462232880197576,0.0002716049849987033,0.00032042234882267875,0.847646819882121
3,early_growth|deep_32_63|odd,1,-2.4460785796595514,-1.646970722941768,0.00023167804479599038,0.0003614428509536564,0.6409811238061968
3,early_growth|deep_32_63|odd,2,-1.6465400851537098,-1.0732949906952098,0.00024582169055938747,0.0003450231423330617,0.7124788467728002
3,early_growth|deep_32_63|odd,3,-1.0731919494042466,-0.616943107826371,0.0002770565629005435,0.00031492560855458387,0.879752409377414
3,early_growth|deep_32_63|odd,4,-0.6168278478481412,-0.19083593637189655,0.0002945585966110232,0.00030238258635838976,0.9741255280550667
3,early_growth|deep_32_63|odd,5,-0.1907597535972721,0.20662830764099008,0.00030454742312431375,0.00028361470119654523,1.0738069001340735
3,early_growth|deep_32_63|odd,6,0.20731314433338352,0.647293855632185,0.0003150932729244236,0.00027577450431896496,1.1425757928658333
3,early_growth|deep_32_63|odd,7,0.6474077697019863,1.1697285930282193,0.0003126508831977847,0.0002850764665249843,1.0967263871652615
3,early_growth|deep_32_63|odd,8,1.170153961098531,1.9389328300333615,0.00033456035256385845,0.0002547417509354005,1.3133314477715865
3,early_growth|deep_32_63|odd,9,1.9389486479322677,6.582359045338727,0.00041214051842689567,0.00017586087980013098,2.3435599713552024
3,early_growth|exhaustion_0_31|even,0,-2.131481872753602,-0.4794768949650399,0.0028374904334545225,0.003330229717213032,0.8520404519809318
3,early_growth|exhaustion_0_31|even,1,-0.47947298220600765,-0.3020597661948291,0.002949987977743146,0.003218241308579223,0.9166459860791157
3,early_growth|exhaustion_0_31|even,2,-0.3019892745264694,-0.18459932033447907,0.0031483879745006476,0.003018117600199724,1.0431627893798117
3,early_growth|exhaustion_0_31|even,3,-0.184596008640902,-0.08940474913524843,0.0030683141171932104,0.003100893513462152,0.9894935456095147
3,early_growth|exhaustion_0_31|even,4,-0.0893821795117155,0.0016762761912184209,0.0030638474464416386,0.003101792376238769,0.9877667731445191
3,early_growth|exhaustion_0_31|even,5,0.001689081443816156,0.08877687082871386,0.0031203825592994562,0.0030479640507556746,1.023759633426722
3,early_growth|exhaustion_0_31|even,6,0.08879506182208415,0.18224659474959215,0.003171992933750143,0.002997417101412758,1.0582420885819004
3,early_growth|exhaustion_0_31|even,7,0.18225039055717873,0.29579755017770654,0.0030575200676917925,0.003106586020044373,0.9842058285088531
3,early_growth|exhaustion_0_31|even,8,0.29583946007339945,0.45616217565535694,0.003033360081911082,0.0031350285420340116,0.9675701644307942
3,early_growth|exhaustion_0_31|even,9,0.4561879713101553,1.8798947657582317,0.0032172316312789884,0.00294882983857539,1.091019762887799
3,early_growth|exhaustion_0_31|odd,0,-2.9472974747030953,-0.457119512792411,0.001995450538396839,0.0021504524979183487,0.9279212353346319
3,early_growth|exhaustion_0_31|odd,1,-0.45710886514142285,-0.26879984692705466,0.0020502258658409147,0.0020899873355038866,0.980975258085291
3,early_growth|exhaustion_0_31|odd,2,-0.26879168270843884,-0.16173332032827104,0.002067408049106601,0.002074342410555679,0.9966570796538742
3,early_growth|exhaustion_0_31|odd,3,-0.16167848407120186,-0.08024393416117308,0.002034755456447606,0.0021085944164048825,0.9649819048258836
3,early_growth|exhaustion_0_31|odd,4,-0.08022875982340273,-0.0083748075253531,0.0021581323862075834,0.00198412673526066,1.0876988590771968
3,early_growth|exhaustion_0_31|odd,5,-0.008370355142846977,0.06926999083793128,0.0019442864775657688,0.0021982791461438965,0.884458409650263
3,early_growth|exhaustion_0_31|odd,6,0.06928352962228071,0.15074085587474048,0.002066399389505389,0.0020778058374573377,0.994510339827562
3,early_growth|exhaustion_0_31|odd,7,0.1507649051033595,0.2492986928627802,0.0020713905334472688,0.0020698216445826753,1.0007579826352186
3,early_growth|exhaustion_0_31|odd,8,0.24933440171008503,0.40090235902284505,0.0021443681299686463,0.001997708151406844,1.0734141163004816
3,early_growth|exhaustion_0_31|odd,9,0.40090314790476944,2.108438978718025,0.002241819196939472,0.0019006034503051055,1.1795302153006146
3,early_growth|tail_64_95|even,0,-28.686639839193383,-12.183024926968244,2.9847359657287592e-05,9.149760339245196e-05,0.3262091962044749
3,early_growth|tail_64_95|even,1,-12.182100275469303,-8.87128116278358,3.280133605003357e-05,9.105402244748265e-05,0.3602403844262064
3,early_growth|tail_64_95|even,2,-8.87080863523319,-6.4101340385059995,2.4950647354125973e-05,9.401889716011938e-05,0.2653790685465459
3,early_growth|tail_64_95|even,3,-6.408728063704227,-4.790268058396155,3.839769363403321e-05,8.228506038675734e-05,0.4666423461750634
3,early_growth|tail_64_95|even,4,-4.784374349107269,-2.522441113545895,3.164856433868408e-05,8.918549315269002e-05,0.3548622451916048
3,early_growth|tail_64_95|even,5,-2.5107126171950958,-0.3164381307372014,3.940038084983827e-05,8.310671236149899e-05,0.47409384549413797
3,early_growth|tail_64_95|even,6,-0.3154749553080547,2.1583438184561388,5.270667076110842e-05,6.831260473624466e-05,0.7715511795313494
3,early_growth|tail_64_95|even,7,2.166581376750445,7.56386338574452,7.77089536190033e-05,4.340776409197201e-05,1.7902086238386803
3,early_growth|tail_64_95|even,8,7.608316266491729,13.880592927158514,0.00011865632534027098,3.819892041060132e-06,31.062743152118088
3,early_growth|tail_64_95|even,9,14.30905938882198,19.495077540821708,0.00011851701736450196,0.0,
3,early_growth|tail_64_95|odd,0,-23.95181631318613,-9.958449639061978,2.3192977905273432e-05,5.7471714006700795e-05,0.4035546582544814
3,early_growth|tail_64_95|odd,1,-9.951878611684407,-6.927064218348501,1.3552331924438474e-05,6.78619880607565e-05,0.1997043162411502
3,early_growth|tail_64_95|odd,2,-6.922691483351016,-4.993327120764227,2.996889948844909e-05,4.991275071108725e-05,0.600425724118467
3,early_growth|tail_64_95|odd,3,-4.993150239901428,-3.1003681881208354,1.8355941772460936e-05,6.228303998166688e-05,0.29471814121250406
3,early_growth|tail_64_95|odd,4,-3.0973263268120634,-1.5821084417234847,3.0093562602996818e-05,5.056635545374461e-05,0.5951301479602341
3,early_growth|tail_64_95|odd,5,-1.574285425082374,0.18467048189485213,2.8100919723510738e-05,5.2496549872721703e-05,0.5352907913308901
3,early_growth|tail_64_95|odd,6,0.18548948283242467,1.6386589562005163,5.4842996597290045e-05,2.8831172096452532e-05,1.9022118287046013
3,early_growth|tail_64_95|odd,7,1.6434714018035212,3.673044286918751,5.387821197509766e-05,2.50409423931645e-05,2.1516048050094536
3,early_growth|tail_64_95|odd,8,3.686777443149233,8.665590319821519,5.497169494628909e-05,2.5836159949259144e-05,2.127703770771299
3,early_growth|tail_64_95|odd,9,8.893931983519003,16.003443625581152,7.871832847595215e-05,4.4488623461402944e-07,176.94035542422642
3,late_growth|deep_32_63|even,0,-8.660219774063135,-3.2690321221189103,0.000395632249116898,0.0011781005381035824,0.33582214447822684
3,late_growth|deep_32_63|even,1,-3.2688953551940503,-2.3328079725534407,0.00047303614020347603,0.0010972335827975973,0.43111708174059354
3,late_growth|deep_32_63|even,2,-2.332317478523154,-1.6505592380509349,0.0005220970332622526,0.0010498713415539908,0.4972962043991589
3,late_growth|deep_32_63|even,3,-1.6500259281965515,-1.036240855164893,0.0005181646227836606,0.0010559945801218466,0.49068871425824157
3,late_growth|deep_32_63|even,4,-1.0355276414643102,-0.479626578441561,0.0006285932362079618,0.0009424215802347243,0.6669979225766468
3,late_growth|deep_32_63|even,5,-0.4793457601304899,0.17581395183303583,0.0006524227976799003,0.0009219018285950322,0.7076922698745322
3,late_growth|deep_32_63|even,6,0.17744527805950866,0.8132005680997645,0.0007505909264087661,0.0008187286526065129,0.9167761797747974
3,late_growth|deep_32_63|even,7,0.8152230721636452,1.6278590861903277,0.0007565897345542891,0.0008179595644365406,0.9249720492913037
3,late_growth|deep_32_63|even,8,1.6284172523696512,3.1965518559818635,0.0008723574876785262,0.0006994271299779371,1.2472457105088903
3,late_growth|deep_32_63|even,9,3.2012657284466317,10.475234444309883,0.0013096383929252612,0.0002587704307947349,5.061004802222201
3,late_growth|deep_32_63|odd,0,-11.872433907009873,-3.9490972143949765,0.0003206474959850311,0.0008300755499673013,0.3862871228982256
3,late_growth|deep_32_63|odd,1,-3.948489225950375,-2.7256446476877247,0.0003455261886119845,0.000805084126217659,0.42918022770525915
3,late_growth|deep_32_63|odd,2,-2.725487029376859,-1.892870485018275,0.00045313271284103427,0.000699766063125171,0.6475488548520535
3,late_growth|deep_32_63|odd,3,-1.892518813325184,-1.094389092840328,0.00039414252638816856,0.0007576249349735118,0.5202343642530042
3,late_growth|deep_32_63|odd,4,-1.0942495309976847,-0.3017499169281216,0.0004489537656307226,0.0006984710315703387,0.6427664789781783
3,late_growth|deep_32_63|odd,5,-0.301187420407663,0.4034890324684296,0.0005854530990123749,0.000564687101352374,1.036774343898184
3,late_growth|deep_32_63|odd,6,0.4036045546003243,1.303860625993106,0.000592666500806809,0.0005583967408660445,1.0613717047983016
3,late_growth|deep_32_63|odd,7,1.3056852532174947,2.4571255330198403,0.0006738754570484151,0.00047609417544579584,1.4154247033529126
3,late_growth|deep_32_63|odd,8,2.4571690218825673,4.2688548114386,0.000855485242605209,0.00029592196679477335,2.890914966101526
3,late_growth|deep_32_63|odd,9,4.269315918760296,10.23649305250487,0.0010669197678565977,8.274504811076782e-05,12.894061846798984
3,late_growth|exhaustion_0_31|even,0,-2.791104318351327,-0.6548349976525796,0.0026296079218387615,0.003432622382499988,0.7660638511375116
3,late_growth|exhaustion_0_31|even,1,-0.6548254125083441,-0.4242532232437285,0.002761052906513214,0.003299984779651178,0.8366865579316607
3,late_growth|exhaustion_0_31|even,2,-0.4242393741855615,-0.2734330129528092,0.0029544047653675,0.0031073594880085217,0.9507766245806826
3,late_growth|exhaustion_0_31|even,3,-0.2733133334646958,-0.1460723738974121,0.0028839610874652807,0.003176570888080656,0.9078850084179372
3,late_growth|exhaustion_0_31|even,4,-0.1460437668547287,-0.02281995942437561,0.002907846248149865,0.0031542712356253315,0.921875777614726
3,late_growth|exhaustion_0_31|even,5,-0.02281096614188314,0.09757803980569409,0.003133920216560359,0.0029272413994322656,1.0706053204796087
3,late_growth|exhaustion_0_31|even,6,0.09760413216829546,0.23888848983734517,0.002940847915410986,0.003120493074319323,0.9424305215138081
3,late_growth|exhaustion_0_31|even,7,0.23905742326284396,0.40912764473866947,0.003110643351078024,0.0029504515588093037,1.0542939916401706
3,late_growth|exhaustion_0_31|even,8,0.40916630947055266,0.6601488202752881,0.0031689709961414307,0.0028916748744053484,1.0958946402275278
3,late_growth|exhaustion_0_31|even,9,0.6601864173693013,3.3682075021204434,0.0036071934461593654,0.0024540891304344167,1.4698705932986342
3,late_growth|exhaustion_0_31|odd,0,-3.6750750806892056,-0.8379891928765438,0.0019003682374954256,0.002263519771826834,0.8395633478216462
3,late_growth|exhaustion_0_31|odd,1,-0.8378612565451751,-0.5371710120072744,0.0019812002897262623,0.0021808267516064935,0.9084629433616506
3,late_growth|exhaustion_0_31|odd,2,-0.5371693753235331,-0.34203064542562556,0.00209134042859078,0.0020713579382432784,1.0096470484306777
3,late_growth|exhaustion_0_31|odd,3,-0.3419337124460101,-0.17142127407938718,0.001954310727119451,0.0022073798185805,0.8853531733275561
3,late_growth|exhaustion_0_31|odd,4,-0.17140191424763612,-0.019967535054744634,0.0020675054073333796,0.002096616419324589,0.9861152418139569
3,late_growth|exhaustion_0_31|odd,5,-0.01996535328201829,0.12722106837678482,0.002132886976003654,0.0020285784338924264,1.0514195262891959
3,late_growth|exhaustion_0_31|odd,6,0.1272250350137993,0.29076125602360153,0.002142507958412174,0.0020202222817511197,1.060530802855544
3,late_growth|exhaustion_0_31|odd,7,0.29077264120299595,0.4902476432195542,0.0021745899736881316,0.001987433976483188,1.094169667732118
3,late_growth|exhaustion_0_31|odd,8,0.4902964685958932,0.8086761796357468,0.0021556418120861095,0.002008373106469572,1.0733273638957528
3,late_growth|exhaustion_0_31|odd,9,0.8086911100502261,2.7135071365947305,0.002611920064687733,0.001548873748524928,1.6863350335527338
3,late_growth|tail_64_95|even,0,-26.268103473765464,-11.531443070634484,2.6201808452606203e-05,0.00026106699811324907,0.10036430740755689
3,late_growth|tail_64_95|even,1,-11.5301908524605,-9.23556689069641,4.362410306930544e-05,0.00024327425539548547,0.17932067245827849
3,late_growth|tail_64_95|even,2,-9.235437019150396,-7.638036082788421,4.166234731674195e-05,0.0002453834552732735,0.16978466323389366
3,late_growth|tail_64_95|even,3,-7.626954473011838,-6.0068277462326956,6.975997090339664e-05,0.00021747431924138013,0.32077337290555363
3,late_growth|tail_64_95|even,4,-6.0053762452155555,-4.413034163953788,5.519227981567386e-05,0.0002308587363774134,0.2390738192616813
3,late_growth|tail_64_95|even,5,-4.41280968114323,-2.6804649166700405,7.357774972915651e-05,0.00021340083507302826,0.3447866064065651
3,late_growth|tail_64_95|even,6,-2.6799032092384074,-0.8762857775718305,8.514457345008852e-05,0.0002021025345308603,0.42129394194750813
3,late_growth|tail_64_95|even,7,-0.8717644224950911,1.4782457250250762,0.0001189259827136994,0.0001696345797790157,0.7010715790885633
3,late_growth|tail_64_95|even,8,1.4923068007092355,8.115782647710832,0.00012934806942939764,0.00015897387970736113,0.813643534821578
3,late_growth|tail_64_95|even,9,8.286656743759545,28.137172103827123,0.00027708303332328826,6.182325260178291e-06,44.818579039838085
3,late_growth|tail_64_95|odd,0,-32.89424295615287,-16.252127344188636,2.7283281087875364e-05,0.00018594003125463367,0.146731615046964
3,late_growth|tail_64_95|odd,1,-16.243990082509914,-12.518249678116542,1.9350117444992062e-05,0.00019387024739391561,0.09980962888893152
3,late_growth|tail_64_95|odd,2,-12.511951750702735,-10.049876112603409,3.3118432760238645e-05,0.00018143687172684548,0.18253419189291736
3,late_growth|tail_64_95|odd,3,-10.045813605664685,-7.925558366634162,4.663087725639344e-05,0.00016532745312434826,0.2820516276950133
3,late_growth|tail_64_95|odd,4,-7.922594746811946,-5.678449613685158,5.13150751590729e-05,0.0001619120456190906,0.31693179443730335
3,late_growth|tail_64_95|odd,5,-5.676962317895859,-3.197722444495356,6.681915521621706e-05,0.00014655302687153774,0.455938417940613
3,late_growth|tail_64_95|odd,6,-3.195701463773953,0.4402532132431695,6.80515885353088e-05,0.0001470304243413794,0.46284018318075926
3,late_growth|tail_64_95|odd,7,0.4494323654331712,7.249119998023064,0.0001212102890014648,9.009126460349482e-05,1.3454166675862467
3,late_growth|tail_64_95|odd,8,7.251009764817704,19.27108693877922,0.00021145569682121291,3.245742199918729e-06,65.14864206606045
3,late_growth|tail_64_95|odd,9,19.430610542830586,33.068532887977554,0.0002115661680698397,0.0,
4,balanced|deep_32_63|even,0,-14.166250208140898,-4.848750836188973,0.00019811252355575522,0.0003551774385267248,0.5577846508987888
4,balanced|deep_32_63|even,1,-4.845061782829995,-3.404915717029237,0.00021387192010879485,0.00032585434410681047,0.6563420865081075
4,balanced|deep_32_63|even,2,-3.4047973973853862,-2.3301084325597974,0.00023720369338989215,0.00030677451887263036,0.7732183698359142
4,balanced|deep_32_63|even,3,-2.328892500935338,-1.4272318734652008,0.00023413689136505088,0.0003119613226405889,0.7505317947212332
4,balanced|deep_32_63|even,4,-1.4270478212662596,-0.6385367635381297,0.00021920958757400477,0.00032744506106669965,0.6694545547882074
4,balanced|deep_32_63|even,5,-0.6382843617760048,0.14389132826279613,0.00026156292557716354,0.00028312735781735337,0.9238348692036283
4,balanced|deep_32_63|even,6,0.14505898529473873,1.0450758075553392,0.0002575060725212094,0.00029138296360326643,0.8837375711224414
4,balanced|deep_32_63|even,7,1.0453566929133284,2.1946019862407145,0.00022838006019592247,0.00031360673321611816,0.7282371072005562
4,balanced|deep_32_63|even,8,2.201973553493452,3.4108302111242272,0.0003526270091533663,0.00019305387524597462,1.8265730677722771
4,balanced|deep_32_63|even,9,3.41837010530247,11.185780984777091,0.00037408637404441847,0.00017143742139933676,2.1820578668938477
4,balanced|deep_32_63|odd,0,-14.106405195069435,-5.090848901903774,0.0001294311046600342,0.00023399542951486725,0.5531351827186463
4,balanced|deep_32_63|odd,1,-5.087648668629343,-3.4355284109987108,0.00011449299454689024,0.00024620985926721955,0.4650219730747146
4,balanced|deep_32_63|odd,2,-3.435476407112179,-2.4761901273500326,0.00018565217256546028,0.00017689740992014565,1.0494906208590995
4,balanced|deep_32_63|odd,3,-2.4756762616684047,-1.4000167563590853,0.00012184893488883966,0.00023676696287717504,0.5146365582771355
4,balanced|deep_32_63|odd,4,-1.3976220954406777,-0.6047033183378873,0.00017178857326507582,0.00018904206662633292,0.9087319892912462
4,balanced|deep_32_63|odd,5,-0.6005370809778678,0.23779215215151134,0.00015601687431335463,0.00020520202379639246,0.7603086530382333
4,balanced|deep_32_63|odd,6,0.23849107848274537,1.0794970600853708,0.00019790704846382165,0.00016342747848515743,1.2109778006627916
4,balanced|deep_32_63|odd,7,1.0815181546546047,2.028524923007788,0.0002041294872760774,0.00016299489406645346,1.2523673728874798
4,balanced|deep_32_63|odd,8,2.0294498294132395,3.3335184535405595,0.000201930218935013,0.00015257484254919165,1.3234830563230546
4,balanced|deep_32_63|odd,9,3.3371906621981817,9.211259520320981,0.00025415728092193624,0.00010696123543191567,2.376162540528205
4,balanced|exhaustion_0_31|even,0,-5.2770596933000355,-1.0563089248794004,0.0019776592850685184,0.0019493271735722519,1.0145343028509402
4,balanced|exhaustion_0_31|even,1,-1.0559859564898182,-0.6335879597293599,0.0018220631659030934,0.0021028840589307272,0.8664591650523874
4,balanced|exhaustion_0_31|even,2,-0.6334277530027341,-0.3798641902108814,0.001861920291185381,0.0020640451773042663,0.9020734195445909
4,balanced|exhaustion_0_31|even,3,-0.37984920828173463,-0.1798467276737144,0.001960626053810122,0.001965817184478659,0.9973593014093458
4,balanced|exhaustion_0_31|even,4,-0.17965712518995153,0.0003762075273597426,0.0018823716878891012,0.0020436308319237016,0.9210918422664407
4,balanced|exhaustion_0_31|even,5,0.0005224616215844732,0.16997779043143937,0.0019555766940116907,0.001970093520034203,0.9926314025832337
4,balanced|exhaustion_0_31|even,6,0.16999466281585288,0.35908278738029037,0.0018320292532444014,0.0020942571177080824,0.8747871680862861
4,balanced|exhaustion_0_31|even,7,0.35910548249785584,0.5781195626491626,0.0020269317030906734,0.0018989359701741123,1.0674039224739238
4,balanced|exhaustion_0_31|even,8,0.5781612867047472,0.9109029912422271,0.001925088804960253,0.002001090092173566,0.9620200572125359
4,balanced|exhaustion_0_31|even,9,0.9109601077320908,4.11558456907925,0.0021719040095806103,0.0017532085308840546,1.2388167016763423
4,balanced|exhaustion_0_31|odd,0,-5.645963110760065,-1.2219728995982626,0.0012935012221336362,0.001341393379784641,0.9642967093972882
4,balanced|exhaustion_0_31|odd,1,-1.2204472963647865,-0.7521924620212157,0.0012472694694995877,0.001387510673777895,0.8989260357208925
4,balanced|exhaustion_0_31|odd,2,-0.7518965861582918,-0.458847560440257,0.001269932115077972,0.001365907199588735,0.9297352817675605
4,balanced|exhaustion_0_31|odd,3,-0.4587482332848333,-0.232751792318604,0.0013230423808097838,0.001308711931572261,1.01095004094622
4,balanced|exhaustion_0_31|odd,4,-0.2326089649327529,-0.032012318826451516,0.0012635963261127476,0.0013707797051422989,0.9218084578962856
4,balanced|exhaustion_0_31|odd,5,-0.03187278842671701,0.16594660599077188,0.0012615549504756932,0.001372508160256842,0.9191602549303708
4,balanced|exhaustion_0_31|odd,6,0.16597948683016384,0.37090641837393445,0.001334642279148102,0.0013003325900549495,1.0263853181528755
4,balanced|exhaustion_0_31|odd,7,0.3710331009127073,0.6271800588325227,0.0013432368338108075,0.001290416274474892,1.040932961231762
4,balanced|exhaustion_0_31|odd,8,0.6271885311087232,1.0169100606303234,0.0013991178750991822,0.0012353028032172704,1.1326112686341077
4,balanced|exhaustion_0_31|odd,9,1.0172718634053886,4.179064634539557,0.0014117665648460391,0.0012223022682967483,1.155006090934696
4,balanced|tail_64_95|even,0,-35.53468898365899,-19.928227419311295,0.0,7.46171285826888e-05,0.0
4,balanced|tail_64_95|even,1,-19.91384650953753,-15.514596842472718,1.7395734786987303e-05,5.6874349230171804e-05,0.3058625728900451
4,balanced|tail_64_95|even,2,-15.493065488123985,-12.192340642952146,1.4564937353134156e-05,5.99045375505219e-05,0.2431357948611234
4,balanced|tail_64_95|even,3,-12.133071312157206,-9.321244464595758,1.2476658821105957e-05,6.177051688044483e-05,0.20198404435006095
4,balanced|tail_64_95|even,4,-9.307801188009241,-5.60508474068515,1.6429281234741212e-05,5.797668124383012e-05,0.2833774007457458
4,balanced|tail_64_95|even,5,-5.593529443426621,-3.0060055396885885,2.2161602973937992e-05,5.2530233451258725e-05,0.42188281905316677
4,balanced|tail_64_95|even,6,-2.9938140039369494,0.8389565400072426,3.091935515403748e-05,4.3499013016701084e-05,0.7108059013239277
4,balanced|tail_64_95|even,7,0.9206225266768265,5.301118467003769,5.103201866149904e-05,2.3423697506522734e-05,2.178649149959706
4,balanced|tail_64_95|even,8,5.34024533515712,17.00715569004388,5.963263511657718e-05,1.7651258020401795e-05,3.378378756213987
4,balanced|tail_64_95|even,9,17.536272051458315,35.52167263595867,7.083330154418946e-05,3.0799816242509726e-07,229.9796238603065
4,balanced|tail_64_95|odd,0,-56.174352881372265,-31.70611215049737,3.3255743980407716e-05,2.9597185343019864e-05,1.1236117081738206
4,balanced|tail_64_95|odd,1,-31.675587182159287,-24.29111725654591,1.161961555480957e-05,5.121424486686945e-05,0.22688249304494404
4,balanced|tail_64_95|odd,2,-24.22751247409431,-17.967257739443703,4.8326492309570305e-06,5.8572021302942796e-05,0.0825078104435202
4,balanced|tail_64_95|odd,3,-17.92311670159832,-12.491509963270348,2.231618762016296e-05,4.114444861532311e-05,0.5423863576057723
4,balanced|tail_64_95|odd,4,-12.463373415895344,-7.565018222253951,2.0266962051391597e-05,4.269159993045497e-05,0.4747295037994986
4,balanced|tail_64_95|odd,5,-7.501472459472243,-2.489046315194837,2.714660167694091e-05,4.013675737631153e-05,0.6763526366223762
4,balanced|tail_64_95|odd,6,-2.384094336622446,5.860499687215281,4.054744243621826e-05,1.718749469858427e-05,2.359124651224366
4,balanced|tail_64_95|odd,7,5.997550296922369,14.84677382040302,5.413124561309817e-05,7.79139021201368e-06,6.947572145678477
4,balanced|tail_64_95|odd,8,14.947185687340442,20.673952106652035,6.558351516723633e-05,6.159963248501946e-07,106.46738060196336
4,balanced|tail_64_95|odd,9,20.7015287836936,34.29724238077332,5.939698219299318e-05,0.0,
4,early_growth|deep_32_63|even,0,-11.804017320433934,-3.58357982454446,0.0002964844167232513,0.0005475243633789263,0.5414999524287154
4,early_growth|deep_32_63|even,1,-3.5811738858865536,-2.4595944983065725,0.0002855152428150172,0.0005583482772676352,0.5113568975483022
4,early_growth|deep_32_63|even,2,-2.4592666522228357,-1.6644707082309849,0.00033555618524551444,0.000508441336439056,0.6599703076772471
4,early_growth|deep_32_63|even,3,-1.6639986012313002,-0.9890550342898831,0.0002980159640312198,0.0005466034508426102,0.5452142015785242
4,early_growth|deep_32_63|even,4,-0.9887061607165075,-0.3559214490492215,0.00036596599221229594,0.00047716474413694957,0.7669594133033039
4,early_growth|deep_32_63|even,5,-0.3559124247422765,0.3232919859779354,0.0003338345766067509,0.0005098283738823584,0.6547979549756922
4,early_growth|deep_32_63|even,6,0.3235489121418733,1.0138352209687393,0.0003836317658424382,0.0004597811515751987,0.8343790617082179
4,early_growth|deep_32_63|even,7,1.0149243961690662,1.9396142743246731,0.0004113030731678013,0.00043259381469616887,0.9507835276301372
4,early_growth|deep_32_63|even,8,1.9426073892731526,3.3711423509172653,0.0005367037475109091,0.00030703207498701345,1.7480380430403244
4,early_growth|deep_32_63|even,9,3.3715998041814927,9.788604633406914,0.0006992834508419024,0.0001444490780896061,4.841037825164353
4,early_growth|deep_32_63|odd,0,-12.93745760203087,-4.579830952375158,0.0002057234704494479,0.00038622988548761474,0.5326451374670872
4,early_growth|deep_32_63|odd,1,-4.5793984880698515,-3.184601956625215,0.00020970213413238546,0.00038225652727594554,0.5485900675830827
4,early_growth|deep_32_63|odd,2,-3.1840328197776375,-2.2242154136781815,0.0002330735385417941,0.00036079421624027303,0.6460013161258035
4,early_growth|deep_32_63|odd,3,-2.2225701197594567,-1.3939677337532432,0.0002677051246166232,0.00032240845000311723,0.8303291201394841
4,early_growth|deep_32_63|odd,4,-1.3935646943899636,-0.6262906420889354,0.0002690594792366032,0.000322623086814525,0.8339746603171169
4,early_growth|deep_32_63|odd,5,-0.6253262672089335,0.19530224955626424,0.000296753561496735,0.00029548557035408303,1.004291211720195
4,early_growth|deep_32_63|odd,6,0.1956606679368738,1.0017798639210762,0.0003088160395622257,0.00028271596731590344,1.0923190596347123
4,early_growth|deep_32_63|odd,7,1.0024273415921343,1.945717730466677,0.0003530372083187107,0.00023880259355857806,1.4783642131261485
4,early_growth|deep_32_63|odd,8,1.946303173352245,3.5216287597516525,0.00037687028050422707,0.00021633618037773057,1.742058493619506
4,early_growth|deep_32_63|odd,9,3.5218471283987642,13.175980699973332,0.00047897149324417165,0.00011161236237062476,4.291383885000826
4,early_growth|exhaustion_0_31|even,0,-4.574883314933298,-0.8652601293310761,0.0028054842233657834,0.003362875612550164,0.8342515592595187
4,early_growth|exhaustion_0_31|even,1,-0.8651895642567059,-0.5449447995009049,0.0029773263514041868,0.0031903107613265613,0.9332402308564406
4,early_growth|exhaustion_0_31|even,2,-0.544862526410413,-0.3339977924376984,0.003058314812183371,0.0031086581458576435,0.9838054455291727
4,early_growth|exhaustion_0_31|even,3,-0.33398387725527334,-0.16596499659968472,0.00311276926994323,0.003057161531293731,1.0181893361146563
4,early_growth|exhaustion_0_31|even,4,-0.16586158204822213,-0.015697290782253917,0.0031405622065067166,0.003024096780558469,1.0385124664980925
4,early_growth|exhaustion_0_31|even,5,-0.015673517034926577,0.13303020840823904,0.002967930233478532,0.003201337732337824,0.9270906357359421
4,early_growth|exhaustion_0_31|even,6,0.13303476398342148,0.28863577086795766,0.003107170212268821,0.003059128150064359,1.0157044948259037
4,early_growth|exhaustion_0_31|even,7,0.28864048915662666,0.4768676494055937,0.0030754222333431174,0.0030930993809096035,0.9942849726473102
4,early_growth|exhaustion_0_31|even,8,0.47697963420989564,0.7632014245922959,0.0031040732681751177,0.003065525919876389,1.0125744649715058
4,early_growth|exhaustion_0_31|even,9,0.763262837142066,3.8188538580369733,0.003319462412595751,0.0028429060537403824,1.1676300060033178
4,early_growth|exhaustion_0_31|odd,0,-4.776502099640288,-0.8572706191937159,0.001955122655630115,0.0021875389143349053,0.8937544574947808
4,early_growth|exhaustion_0_31|odd,1,-0.8572437490563026,-0.5212043212636054,0.0020443202137947125,0.002100804329683735,0.9731131000203498
4,early_growth|exhaustion_0_31|odd,2,-0.5211808947244378,-0.32413741704835175,0.0020371080517768885,0.002103765765543179,0.9683150496799344
4,early_growth|exhaustion_0_31|odd,3,-0.3241293495301011,-0.17769886686010145,0.002027171915769579,0.0021177654392165496,0.9572221164018594
4,early_growth|exhaustion_0_31|odd,4,-0.17768380617330332,-0.03972849550669864,0.002054405748844149,0.00208519754094921,0.9852331534541116
4,early_growth|exhaustion_0_31|odd,5,-0.039715488581665404,0.09482144545325405,0.002077755624055867,0.002064703755395037,1.0063214243819365
4,early_growth|exhaustion_0_31|odd,6,0.094847088234808,0.2550689668034298,0.0020282839536666895,0.002120802808335954,0.9563755506614698
4,early_growth|exhaustion_0_31|odd,7,0.2550938462202061,0.4465361905479004,0.0020896988809108764,0.002051535683299295,1.0186022587480454
4,early_growth|exhaustion_0_31|odd,8,0.44655696133700756,0.7277299525901422,0.0021946983337402383,0.0019434756527839895,1.1292646401802757
4,early_growth|exhaustion_0_31|odd,9,0.7280635637118389,4.540669581097722,0.0022656706452369724,0.0018761317359974273,1.20762876175774
4,early_growth|tail_64_95|even,0,-53.55525002120824,-23.466177513557085,2.7096050977706905e-05,9.560287356451308e-05,0.2834229763964408
4,early_growth|tail_64_95|even,1,-23.357711230388574,-19.474431205428534,3.1861495971679686e-05,8.810259310911747e-05,0.36164084219653275
4,early_growth|tail_64_95|even,2,-19.460058004534044,-14.803347385863047,2.0102357864379882e-05,0.00010079445624289094,0.19943912208760695
4,early_growth|tail_64_95|even,3,-14.792346068196421,-11.837273150173361,3.186616301536559e-05,8.959078810938048e-05,0.3556857092992699
4,early_growth|tail_64_95|even,4,-11.825871008895684,-7.6402151459188685,2.0107102394104005e-05,0.00010068855219378192,0.19969601266494058
4,early_growth|tail_64_95|even,5,-7.6321250019084905,-3.7148612485387824,4.8990130424499526e-05,7.31740580186202e-05,0.6695013472128781
4,early_growth|tail_64_95|even,6,-3.7108553296626816,0.698303709206685,5.856265425682071e-05,6.233119385220975e-05,0.9395400703486535
4,early_growth|tail_64_95|even,7,0.7141869400442074,13.135039848107152,8.902704715728761e-05,3.6223869085015354e-05,2.4576901751810722
4,early_growth|tail_64_95|even,8,13.596553578868058,28.988031917681,0.00011864502429962156,1.7966559474797347e-07,660.3658561676834
4,early_growth|tail_64_95|even,9,29.65601265565301,39.14334932151315,0.00011837692260742188,0.0,
4,early_growth|tail_64_95|odd,0,-50.45481444312509,-22.849702355827162,1.5447664260864256e-05,6.556596180493558e-05,0.23560493639706523
4,early_growth|tail_64_95|odd,1,-22.830381546519245,-17.612700286444767,2.2234725952148432e-05,5.8311568215967535e-05,0.3813090032118167
4,early_growth|tail_64_95|odd,2,-17.60704896824893,-13.260126840209649,6.769847869873046e-06,7.361942976045793e-05,0.09195735272469102
4,early_growth|tail_64_95|odd,3,-13.257592355772605,-9.290070925061057,1.9296360015869136e-05,6.138359428170916e-05,0.31435695875532965
4,early_growth|tail_64_95|odd,4,-9.269628213631059,-5.902446066391615,2.8044432401657097e-05,5.374547177960785e-05,0.5218008415045254
4,early_growth|tail_64_95|odd,5,-5.89630727520732,-0.9628157587200254,1.8407553434371947e-05,6.109532547644066e-05,0.3012923376841686
4,early_growth|tail_64_95|odd,6,-0.954086445036662,3.0231589421602845,5.419127345085146e-05,2.6780978945635094e-05,2.0234986017822116
4,early_growth|tail_64_95|odd,7,3.0865169024142256,8.308264581888196,6.647744178771978e-05,1.5534388217209635e-05,4.2793730179907135
4,early_growth|tail_64_95|odd,8,8.430468329066617,21.136489284669462,7.605776786804203e-05,4.708840278204232e-06,16.15212310769808
4,early_growth|tail_64_95|odd,9,22.197193108653398,39.35078897762688,7.874879837036133e-05,0.0,
4,late_growth|deep_32_63|even,0,-16.78981792246078,-5.7604106661858,0.0003611023843288423,0.001211079114049582,0.29816580943370036
4,late_growth|deep_32_63|even,1,-5.760121319102955,-4.139902018433028,0.00039652094244957013,0.0011789873916635766,0.3363233103706652
4,late_growth|deep_32_63|even,2,-4.139519295491941,-2.931285680437831,0.0004288484215736392,0.0011395590198798654,0.37632839904935267
4,late_growth|deep_32_63|even,3,-2.9310660525336134,-1.9090640545706345,0.0004742473006248479,0.0010975557262843303,0.43209405159806025
4,late_growth|deep_32_63|even,4,-1.908990527767398,-0.9105728538393363,0.0005523241758346544,0.0010199263093446764,0.5415334135164471
4,late_growth|deep_32_63|even,5,-0.9104352442776147,0.05596622454787975,0.0006780541181564322,0.000896103006408445,0.7566698396360185
4,late_growth|deep_32_63|even,6,0.05609326294015471,1.1297594091368433,0.0008139859676361071,0.0007563420517972986,1.0762140829031377
4,late_growth|deep_32_63|even,7,1.129812737257401,2.6119464113819726,0.0007992287158966052,0.0007741671509443939,1.0323722918514937
4,late_growth|deep_32_63|even,8,2.612543989195625,5.563996449001774,0.0009328280746936773,0.0006373428712072807,1.4636204731162623
4,late_growth|deep_32_63|even,9,5.564445601421015,18.30363029866987,0.0014419825196266152,0.00012934658764304378,11.148206890513702
4,late_growth|deep_32_63|odd,0,-21.685193954931464,-7.393419316096277,0.00026122695803642275,0.0008931859783864243,0.2924664788271078
4,late_growth|deep_32_63|odd,1,-7.392962055662304,-5.2127578138261494,0.0003084158003330232,0.0008389304951192733,0.3676297406368269
4,late_growth|deep_32_63|odd,2,-5.212366635503014,-3.6633370704245753,0.0003951737940311435,0.0007548128068072593,0.5235388038826039
4,late_growth|deep_32_63|odd,3,-3.662760130941465,-2.277397772427578,0.0004382157146930698,0.0007148142632733002,0.6130483640412804
4,late_growth|deep_32_63|odd,4,-2.2772241308689196,-0.8314319897660553,0.0004042899906635287,0.0007442226413003261,0.5432379616362413
4,late_growth|deep_32_63|odd,5,-0.8312801491422098,0.6293742586182904,0.0005316105127334599,0.0006191793770659976,0.858572705138395
4,late_growth|deep_32_63|odd,6,0.6293937005772732,2.295604342564188,0.0006006943643093109,0.0005500834910912239,1.0920058028240187
4,late_growth|deep_32_63|odd,7,2.2958845037806355,4.326790781494944,0.0007451332926750178,0.0004046091948863419,1.841612356052195
4,late_growth|deep_32_63|odd,8,4.327313848581318,7.91591374689784,0.0009364179074764246,0.0002141745693906421,4.372218000207354
4,late_growth|deep_32_63|odd,9,7.92096141195642,18.49669226630761,0.001115624421834946,3.4853921102946425e-05,32.0085771279443
4,late_growth|exhaustion_0_31|even,0,-4.203171615462505,-1.14551519991859,0.002626480722427371,0.0034381711982559887,0.7639179584075547
4,late_growth|exhaustion_0_31|even,1,-1.145063576886563,-0.7282851835322915,0.00278178985714912,0.0032768995273599823,0.8489091087239575
4,late_growth|exhaustion_0_31|even,2,-0.7282215794578976,-0.47081853007690244,0.00293805150389671,0.003124917400931963,0.9402013323681698
4,late_growth|exhaustion_0_31|even,3,-0.47078145848681596,-0.25422307724371274,0.0028045071005821194,0.003257858904618946,0.8608436346355974
4,late_growth|exhaustion_0_31|even,4,-0.25418326387715107,-0.049658914224650214,0.0028281825482845218,0.0032305707842214325,0.8754436095620526
4,late_growth|exhaustion_0_31|even,5,-0.04961972837838283,0.15346661800982242,0.0030726017773151336,0.0029912494523760976,1.02719677052491
4,late_growth|exhaustion_0_31|even,6,0.15346712590654935,0.3790508181201866,0.002997331345081319,0.0030611371852411755,0.9791561644255975
4,late_growth|exhaustion_0_31|even,7,0.3790944791925395,0.6649125290239335,0.0030928758680820365,0.0029687876845292684,1.0417975944185593
4,late_growth|exhaustion_0_31|even,8,0.6650493686539953,1.090919217179258,0.0031835018575191473,0.0028779193554742386,1.1061817460116263
4,late_growth|exhaustion_0_31|even,9,1.090926916385719,6.184085582017197,0.0037731262743473087,0.0022872473182572167,1.6496363310734001
4,late_growth|exhaustion_0_31|odd,0,-4.983807372545508,-1.3653283106815277,0.0018843945205211684,0.002278219094586535,0.8271348989211943
4,late_growth|exhaustion_0_31|odd,1,-1.3653090746845518,-0.8862795442556836,0.001943421405553822,0.002220331996106415,0.875284150731429
4,late_growth|exhaustion_0_31|odd,2,-0.8861538159172756,-0.5504932532504055,0.0019324317574501088,0.0022289229638075806,0.8669800566588504
4,late_growth|exhaustion_0_31|odd,3,-0.5504857324543874,-0.28170285860482114,0.001973226082324987,0.00219038121663508,0.9008596619342397
4,late_growth|exhaustion_0_31|odd,4,-0.2816210450177938,-0.05042426189834362,0.0021821089804172564,0.0019796168774950883,1.1022885312931823
4,late_growth|exhaustion_0_31|odd,5,-0.05041725759963667,0.17684125895653816,0.0020660427451133783,0.002096529190646844,0.9854586114662874
4,late_growth|exhaustion_0_31|odd,6,0.17685862517351766,0.42819865521401823,0.0021981370270252286,0.0019650075249915315,1.118640513620782
4,late_growth|exhaustion_0_31|odd,7,0.42821441003448263,0.7442432576028631,0.0022074958801269577,0.0019558107050779453,1.1286858561493465
4,late_growth|exhaustion_0_31|odd,8,0.7443569592005721,1.2350844181618816,0.0021904614746570622,0.0019707322051522045,1.1114962595782452
4,late_growth|exhaustion_0_31|odd,9,1.2351883479180907,5.508415887499697,0.002634552001953129,0.001527630472203544,1.7246003204903975
4,late_growth|tail_64_95|even,0,-43.89955403157365,-23.016121019163133,3.015657067298889e-05,0.0002570077845232423,0.11733718777791224
4,late_growth|tail_64_95|even,1,-22.961262499656048,-19.04367172967841,2.5276815891265868e-05,0.00026207069381400775,0.09645037193363135
4,late_growth|tail_64_95|even,2,-19.027357891552292,-15.62238528408417,3.774182200431824e-05,0.00024881433360920995,0.1516866872452609
4,late_growth|tail_64_95|even,3,-15.601707578191066,-12.53220006404899,3.393513560295106e-05,0.0002530035656512,0.13412908041673724
4,late_growth|tail_64_95|even,4,-12.532049713405408,-9.720525208021234,5.8129417896270775e-05,0.0002308307365833835,0.2518270259700556
4,late_growth|tail_64_95|even,5,-9.71727429455586,-7.1522807727525155,7.247585058212283e-05,0.00021203026192752377,0.3418184268757662
4,late_growth|tail_64_95|even,6,-7.151557581191945,-3.9303726109209607,7.748015522956851e-05,0.0002093546519079005,0.37009043994710783
4,late_growth|tail_64_95|even,7,-3.9152971417551505,1.3878067756960994,0.00010356441140174871,0.00018332700508965618,0.564916289070999
4,late_growth|tail_64_95|even,8,1.4015258748115274,12.090846576866157,0.00019704797267913775,9.039365072386916e-05,2.17988731621286
4,late_growth|tail_64_95|even,9,12.207262118378724,53.21929687424604,0.0002847117662429812,1.519234921250037e-06,187.40470105092
4,late_growth|tail_64_95|odd,0,-64.1382492366828,-31.548355594467047,1.754710674285889e-05,0.00019611397952310904,0.08947402314474594
4,late_growth|tail_64_95|odd,1,-31.544678912992286,-25.225694262148885,8.759373426437378e-06,0.0002049664496242493,0.042735644992121034
4,late_growth|tail_64_95|odd,2,-25.21700663977417,-20.85543445112586,2.6136368513107296e-05,0.00018659842612679672,0.1400674649600056
4,late_growth|tail_64_95|odd,3,-20.851347545183565,-17.32886535979644,3.503494262695313e-05,0.00017780843681713414,0.19703757174910982
4,late_growth|tail_64_95|odd,4,-17.323593332736092,-13.036089431642099,4.86121416091919e-05,0.000166355326604788,0.292218726032622
4,late_growth|tail_64_95|odd,5,-13.03206293394324,-8.328358384363453,6.121815443038941e-05,0.00015752078299572362,0.38863541220494924
4,late_growth|tail_64_95|odd,6,-8.326646959584867,-3.1506681779522787,9.210309982299801e-05,0.00011396472625705345,0.8081719918780361
4,late_growth|tail_64_95|odd,7,-3.0994052206823395,12.402435276212124,0.00014146724343299869,7.200197964570331e-05,1.9647688039844151
4,late_growth|tail_64_95|odd,8,12.723570451031184,40.09866041897453,0.00021325353384017958,7.699954060627433e-08,2769.542937023738
4,late_growth|tail_64_95|odd,9,40.125157475282954,59.16680859630132,0.00021266871690750147,0.0,
5,balanced|deep_32_63|even,0,-29.364247503732773,-9.2948525301817,0.00018842130303382834,0.0003580045451715085,0.526309806886842
5,balanced|deep_32_63|even,1,-9.292572118821118,-6.781244284614705,0.00019957401752471895,0.0003483610009857712,0.5728942590013701
5,balanced|deep_32_63|even,2,-6.781108531206969,-4.7937072645575265,0.000214452743530273,0.0003304981072358472,0.648877372774898
5,balanced|deep_32_63|even,3,-4.788916932903364,-3.2809393475224735,0.00021978127956390341,0.0003251566752587444,0.675924242948455
5,balanced|deep_32_63|even,4,-3.280774124422665,-1.9438342011791914,0.00023897482156753493,0.0003051883803011517,0.7830403678269827
5,balanced|deep_32_63|even,5,-1.9426199806681441,-0.4793633043989507,0.00022585458159446695,0.0003214964576612362,0.7025103269798761
5,balanced|deep_32_63|even,6,-0.4788521650878167,1.119098702245265,0.00023044523000717118,0.0003134102184930643,0.7352830776073463
5,balanced|deep_32_63|even,7,1.1297660183746343,2.869178956195573,0.0003274021148681644,0.0002240336460552822,1.4613970742027524
5,balanced|deep_32_63|even,8,2.870094480468778,5.714366221236402,0.00029930308461189296,0.00024552858915736386,1.2190152097524742
5,balanced|deep_32_63|even,9,5.717096309679218,19.99343308667416,0.00043248788118362445,0.00010814341617553385,3.999206761525161
5,balanced|deep_32_63|odd,0,-31.19582392922494,-11.46263738871571,0.00011871289014816282,0.00024352935317507846,0.4874685067751056
5,balanced|deep_32_63|odd,1,-11.458945964194633,-8.087089851307736,0.00012929881215095523,0.00023303718680786796,0.5548419714556465
5,balanced|deep_32_63|odd,2,-8.085901946543407,-5.656131631660648,9.686082601547242e-05,0.0002630091116307203,0.36827935509500714
5,balanced|deep_32_63|odd,3,-5.655807464559723,-3.7959118111686374,0.00015535299181938182,0.0002103933450538956,0.7383930883345463
5,balanced|deep_32_63|odd,4,-3.7954488702436295,-2.222011190077396,0.00015068403482437144,0.00020664429794257154,0.7291952225376575
5,balanced|deep_32_63|odd,5,-2.221262852176582,-0.6709665201129978,0.00015999870300292983,0.00019952629419020968,0.8018928214564144
5,balanced|deep_32_63|odd,6,-0.6705875133743661,0.9563282226981512,0.00017384161353111292,0.00018712818518490417,0.9289974856504776
5,balanced|deep_32_63|odd,7,0.9587113953271907,3.015694020064021,0.00020676320791244523,0.0001552216377742365,1.3320514515712933
5,balanced|deep_32_63|odd,8,3.0219944252757758,5.529232289191621,0.00024120215177536033,0.00011946842851142959,2.018961450993594
5,balanced|deep_32_63|odd,9,5.542101142520902,18.36111999888846,0.0003046394586563113,5.6114362263936675e-05,5.428903517132112
5,balanced|exhaustion_0_31|even,0,-8.769631984448356,-1.8220802860200254,0.0018237015008926432,0.0021022449367323905,0.8675019114220347
5,balanced|exhaustion_0_31|even,1,-1.8219211717060166,-1.127858542412987,0.001933719366788867,0.00199522827084705,0.9691719965294647
5,balanced|exhaustion_0_31|even,2,-1.127786797852785,-0.7027662421862764,0.0018594891846179986,0.0020641725693990986,0.900839984110105
5,balanced|exhaustion_0_31|even,3,-0.7023916395612939,-0.36525804959910924,0.0018547329008579277,0.0020739499213220844,0.894299752269615
5,balanced|exhaustion_0_31|even,4,-0.36524769152428793,-0.059280064929051496,0.001926435428857805,0.0020012971065510956,0.9625934213124895
5,balanced|exhaustion_0_31|even,5,-0.05919407824219494,0.2310507737462768,0.0018794127047061936,0.0020415580165830697,0.9205776614919537
5,balanced|exhaustion_0_31|even,6,0.2310658930513568,0.5368028817573106,0.001991510838270196,0.0019346174467050482,1.029408083578511
5,balanced|exhaustion_0_31|even,7,0.5372811952106926,0.8993020979753121,0.0019467418134212504,0.001980209102222948,0.9830991137430244
5,balanced|exhaustion_0_31|even,8,0.8994011463752944,1.444696340563448,0.0020314136445522385,0.0018950387273248097,1.071964184826949
5,balanced|exhaustion_0_31|even,9,1.4449071764810473,6.553794719829161,0.00216901356577873,0.0017549735594960911,1.2359237858840009
5,balanced|exhaustion_0_31|odd,0,-10.504317522435452,-2.195339135652886,0.00122068578004837,0.001413687085645936,0.8634766437656318
5,balanced|exhaustion_0_31|odd,1,-2.195091108688465,-1.3286261415471863,0.0012806230545043932,0.001354611008959493,0.9453806635515745
5,balanced|exhaustion_0_31|odd,2,-1.3282566310727726,-0.8194474070775146,0.0012081172227859497,0.0014253318775121978,0.8476041558086957
5,balanced|exhaustion_0_31|odd,3,-0.8193996425020659,-0.4342481601793883,0.0012600367546081541,0.001374720359472837,0.9165767757242932
5,balanced|exhaustion_0_31|odd,4,-0.4342028125160528,-0.12973611324516227,0.0013887020230293281,0.0012449447755655486,1.1154727906693485
5,balanced|exhaustion_0_31|odd,5,-0.12959825020394927,0.17205111117735292,0.001332474595308304,0.0013038360731225573,1.0219648181056689
5,balanced|exhaustion_0_31|odd,6,0.17218756835985607,0.49954763491081816,0.001366529846191408,0.0012663468163629681,1.0791118424541644
5,balanced|exhaustion_0_31|odd,7,0.4995568196288588,0.9040437738262055,0.001339222323894501,0.0012946461788909817,1.0344311409019136
5,balanced|exhaustion_0_31|odd,8,0.9040661996099517,1.5527699482897928,0.0012850075304508203,0.0013504975696963257,0.9515067329886188
5,balanced|exhaustion_0_31|odd,9,1.5538708582902057,8.245829616893113,0.001466260886192323,0.00116654324093769,1.2569280200995498
5,balanced|tail_64_95|even,0,-77.20604497363078,-48.517031552764955,4.833030700683594e-06,6.969637836675937e-05,0.06934407230245172
5,balanced|tail_64_95|even,1,-48.23000283817644,-38.09802518274938,0.0,7.46722616102242e-05,0.0
5,balanced|tail_64_95|even,2,-38.09451149657979,-30.811609984009873,1.1645668745040894e-05,6.426490204705365e-05,0.1812135142836464
5,balanced|tail_64_95|even,3,-30.77539368553692,-24.491583313986954,1.4465856552124025e-05,5.823050928264356e-05,0.2484240088285778
5,balanced|tail_64_95|even,4,-24.46838540571195,-18.309593321734926,1.4452648162841797e-05,5.9967138904120137e-05,0.24100946663388012
5,balanced|tail_64_95|even,5,-18.301213009295232,-11.8508653206132,1.645503044128418e-05,5.773504229480095e-05,0.28500941174102085
5,balanced|tail_64_95|even,6,-11.71086662395411,-0.8751446131303866,3.4717410802841187e-05,4.608855709321562e-05,0.7532761490585198
5,balanced|tail_64_95|even,7,-0.7730676449871553,6.576476928822804,5.775039196014406e-05,1.1817445976131988e-05,4.886875901678254
5,balanced|tail_64_95|even,8,6.8005919719112295,31.527105685636812,6.838483810424807e-05,5.775179907592294e-06,11.841161521972067
5,balanced|tail_64_95|even,9,32.714613540089836,60.905805834480304,7.274065017700196e-05,3.0799816242509726e-07,236.17235117333504
5,balanced|tail_64_95|odd,0,-109.39291749937921,-67.29374075156645,9.713602066040039e-06,5.3235480482434196e-05,0.18246481440597084
5,balanced|tail_64_95|odd,1,-67.28029931612957,-55.86453682017968,3.1288790702819825e-05,3.1463535830675654e-05,0.9944461064771538
5,balanced|tail_64_95|odd,2,-55.84528306869962,-45.86237621527162,1.9419306516647335e-05,4.333720628834141e-05,0.44809779355508483
5,balanced|tail_64_95|odd,3,-45.81725823145211,-36.49539425909693,9.665298461914061e-06,5.338476997431416e-05,0.181049735094194
5,balanced|tail_64_95|odd,4,-36.40746590971925,-26.332008183867266,1.9365549087524413e-05,4.3432428163490794e-05,0.4458776519384899
5,balanced|tail_64_95|odd,5,-26.293346081804,-11.7034652421084,1.9308710098266597e-05,4.469904033211459e-05,0.4319714686222024
5,balanced|tail_64_95|odd,6,-11.440615853181509,6.572976569875987,4.955849647521974e-05,1.72460408572261e-05,2.8736158568506873
5,balanced|tail_64_95|odd,7,7.258549826985485,27.201908020583097,6.086480617523196e-05,2.152636741772866e-06,28.274536522639202
5,balanced|tail_64_95|odd,8,28.03335472582882,40.56883330890822,6.0689043998718265e-05,0.0,
5,balanced|tail_64_95|odd,9,40.97519927976052,63.00086832637751,5.922334194183351e-05,0.0,
5,early_growth|deep_32_63|even,0,-19.874090346152343,-6.929355536547092,0.0002544241309165948,0.0005947438055540085,0.42778777776356447
5,early_growth|deep_32_63|even,1,-6.928638097067175,-4.79620681051583,0.0002714525580406182,0.0005676473232162522,0.47820635619769325
5,early_growth|deep_32_63|even,2,-4.795233930958385,-3.3271895710093706,0.0002607087492942803,0.0005825781697155745,0.447508614031252
5,early_growth|deep_32_63|even,3,-3.32628693626791,-2.2432714569663896,0.00033006916642189065,0.0005149061316205936,0.6410278420710296
5,early_growth|deep_32_63|even,4,-2.2429914908002266,-1.0406531249828705,0.0003067370951175693,0.0005362162253720526,0.5720399357642346
5,early_growth|deep_32_63|even,5,-1.0378161962558192,0.027790923076452673,0.0003693859934806828,0.00047404896060356184,0.7792148579133651
5,early_growth|deep_32_63|even,6,0.028951607890913,1.3390138471528745,0.00036152510643005424,0.00048355657712589417,0.747637657166911
5,early_growth|deep_32_63|even,7,1.3396961272579437,2.9828183140441995,0.000447705137729645,0.00039573541787576663,1.1313244089519257
5,early_growth|deep_32_63|even,8,2.983581974589319,5.861976643794007,0.0005640347659587841,0.0002797457668497853,2.016240575542482
5,early_growth|deep_32_63|even,9,5.865693333271218,23.562039067131757,0.0007802517116069783,6.258828736204408e-05,12.466417352077167
5,early_growth|deep_32_63|odd,0,-25.77619188809734,-8.834326155121655,0.00017680988907814045,0.0004151322331480492,0.4259122153376235
5,early_growth|deep_32_63|odd,1,-8.833366201579183,-6.35923952619214,0.00020123673081398033,0.0003935026804383538,0.5113986278055509
5,early_growth|deep_32_63|odd,2,-6.358651468355264,-4.451331356443501,0.0002145092070102694,0.0003747143745616228,0.5724605768359515
5,early_growth|deep_32_63|odd,3,-4.451306786498895,-2.922990558526524,0.00023207159042358427,0.00036030785824055597,0.644092503440888
5,early_growth|deep_32_63|odd,4,-2.9216824327768984,-1.6917438358102217,0.00029311055541038545,0.0003002825642808903,0.9761157998377954
5,early_growth|deep_32_63|odd,5,-1.6909985324730004,-0.23690632054775623,0.0002448277413845066,0.0003449619096924816,0.7097239854764249
5,early_growth|deep_32_63|odd,6,-0.23627789091801443,1.4112311262626134,0.0003198511064052585,0.00027951043453979175,1.1443261749132436
5,early_growth|deep_32_63|odd,7,1.412089430390858,3.1713282828276004,0.00036109297275543266,0.00022981656141137972,1.571222589607298
5,early_growth|deep_32_63|odd,8,3.1725739192124216,6.232067043274195,0.000414503818750382,0.00017199692944015594,2.40994894559791
5,early_growth|deep_32_63|odd,9,6.23338197290853,25.20970493332303,0.0005416987180709844,4.903929404511353e-05,11.04621770396308
5,early_growth|exhaustion_0_31|even,0,-8.041761447662402,-1.4345093424364916,0.002727200531959536,0.0034402112977739156,0.7927421591005898
5,early_growth|exhaustion_0_31|even,1,-1.4343424067743722,-0.8925444660154306,0.0029160198986530233,0.00325221206831008,0.8966266151789575
5,early_growth|exhaustion_0_31|even,2,-0.8924742521443528,-0.5759104637092204,0.003019903922080989,0.003148963261831968,0.9590152920120458
5,early_growth|exhaustion_0_31|even,3,-0.5757926181081517,-0.3099508721209013,0.0030474820494651674,0.003120568871897815,0.9765790067667377
5,early_growth|exhaustion_0_31|even,4,-0.3098480924939062,-0.07893540960671838,0.0030972135126590633,0.0030674943849039924,1.00968840494096
5,early_growth|exhaustion_0_31|even,5,-0.07890671629412657,0.15292546369095977,0.0030840722084045304,0.003084013282610783,1.0000191068547206
5,early_growth|exhaustion_0_31|even,6,0.1529920094502894,0.40274853658234117,0.00304845061302184,0.0031188861832814278,0.9774164345473225
5,early_growth|exhaustion_0_31|even,7,0.40285812177878616,0.7142353796715492,0.0030762148678302637,0.003092096396357089,0.9948638313651748
5,early_growth|exhaustion_0_31|even,8,0.7143780120547822,1.2185186524697174,0.0030636560499668064,0.003104669593227741,0.9867897236632208
5,early_growth|exhaustion_0_31|even,9,1.2186188260710904,7.130297376055799,0.0035883015692234075,0.0025759847283203315,1.3929824698779003
5,early_growth|exhaustion_0_31|odd,0,-9.854191378053004,-1.5088063481491183,0.0018356377542018915,0.002307723466572494,0.7954322867497814
5,early_growth|exhaustion_0_31|odd,1,-1.5086324063803658,-0.9485408097330292,0.0020807344913482705,0.0020616559080265193,1.0092540094821225
5,early_growth|exhaustion_0_31|odd,2,-0.9482014569129631,-0.6001729653843957,0.002101749622821812,0.0020438301337927195,1.0283387000081126
5,early_growth|exhaustion_0_31|odd,3,-0.6001202658420789,-0.33140065792396933,0.001959136706590656,0.002180483360499228,0.8984873455498903
5,early_growth|exhaustion_0_31|odd,4,-0.33138892511418205,-0.1050122164649665,0.0020858786523342146,0.0020600537252057753,1.0125360454499117
5,early_growth|exhaustion_0_31|odd,5,-0.10500368315121905,0.12454953217536723,0.002005286055803302,0.0021350131116038033,0.939238286127877
5,early_growth|exhaustion_0_31|odd,6,0.12459979149615477,0.3848073810225772,0.00196634252071381,0.0021750693771691674,0.904036690210308
5,early_growth|exhaustion_0_31|odd,7,0.38483428486258764,0.6939516633504835,0.002204222834110264,0.0019383343279038984,1.137173707537799
5,early_growth|exhaustion_0_31|odd,8,0.6940314335569762,1.2103335507699233,0.0021402336061000856,0.0020032636395673213,1.0683734101829692
5,early_growth|exhaustion_0_31|odd,9,1.2103385281179329,6.5420570056101,0.0023950137794017815,0.0017462945751983083,1.3714832614250119
5,early_growth|tail_64_95|even,0,-90.50277886788705,-47.90081517728323,1.7384886741638185e-05,0.00010434034660770728,0.16661710744551064
5,early_growth|tail_64_95|even,1,-47.87223976698541,-39.268232015051254,3.008996248245239e-05,9.094237929195351e-05,0.3308684324813428
5,early_growth|tail_64_95|even,2,-39.24935575574396,-32.62608297750129,1.0543155670166015e-05,0.00011094352628803529,0.09503173391833176
5,early_growth|tail_64_95|even,3,-32.60427343128932,-26.737095933458903,3.853888511657716e-05,8.219156240191253e-05,0.4688910149696874
5,early_growth|tail_64_95|even,4,-26.725270489762373,-20.7251744054318,1.819813251495361e-05,0.00010256768328507846,0.17742559773309294
5,early_growth|tail_64_95|even,5,-20.665635497858137,-12.402072676053356,3.073163032531738e-05,9.036572276162746e-05,0.34008061227356373
5,early_growth|tail_64_95|even,6,-12.277535809356037,-0.66612004704468,7.015995383262638e-05,5.430425246651534e-05,1.2919790006480223
5,early_growth|tail_64_95|even,7,-0.588786332116409,23.970795243762986,0.00010707216262817386,1.103257666744684e-05,9.705091190900603
5,early_growth|tail_64_95|even,8,25.666964178202466,53.87276343879318,0.00012353925704956052,0.0,
5,early_growth|tail_64_95|even,9,57.44803631124667,78.44012004690268,0.00011837692260742188,0.0,
5,early_growth|tail_64_95|odd,0,-97.69141897668237,-48.31241716846575,1.4546966552734374e-05,6.705658917152589e-05,0.21693567675391734
5,early_growth|tail_64_95|odd,1,-48.20133483535954,-38.53611469357814,1.1544227600097655e-05,6.846530334310087e-05,0.16861427666866455
5,early_growth|tail_64_95|odd,2,-38.52257513479489,-32.71776749657744,4.80351448059082e-06,7.584225218676355e-05,0.06333559911646662
5,early_growth|tail_64_95|odd,3,-32.67883032581447,-26.625143965862986,2.5266110897064208e-05,5.515352498712193e-05,0.45810509669080474
5,early_growth|tail_64_95|odd,4,-26.581204117368525,-18.452366184782402,1.737699508666992e-05,6.320069127143082e-05,0.2749494465501993
5,early_growth|tail_64_95|odd,5,-18.333117922301394,-8.89405822479522,2.2217893600463866e-05,5.8454685927598385e-05,0.38008746857322634
5,early_growth|tail_64_95|odd,6,-8.892910090326966,7.47983267942662,5.212817192077639e-05,3.106348461492089e-05,1.6781173318764562
5,early_growth|tail_64_95|odd,7,7.919726353746429,18.604006102708933,7.716905474662784e-05,1.5090272577053832e-06,51.13827755767022
5,early_growth|tail_64_95|odd,8,18.633740413180536,42.58454916031338,8.184986114501955e-05,0.0,
5,early_growth|tail_64_95|odd,9,42.98814588160516,74.30902458271768,7.877306938171386e-05,0.0,
5,late_growth|deep_32_63|even,0,-30.455465924909653,-10.105029473230958,0.0003004365801811216,0.001271582572163377,0.23626981586416435
5,late_growth|deep_32_63|even,1,-10.103226791213089,-7.413517549792059,0.0003253095269203186,0.001247038248709664,0.2608657170354823
5,late_growth|deep_32_63|even,2,-7.412967259199284,-5.537279501521133,0.0003956378042697909,0.0011759413782121805,0.3364434754998511
5,late_growth|deep_32_63|even,3,-5.537195837249589,-3.6993555196467702,0.0004022235691547399,0.0011697176804183057,0.34386380225602786
5,late_growth|deep_32_63|even,4,-3.6993435957393936,-2.1921938822787457,0.0005596657574176784,0.001012332014485145,0.5528480275340447
5,late_growth|deep_32_63|even,5,-2.191441184419176,-0.4637674178191218,0.0006172756731510151,0.0009549333152867142,0.6464070980345691
5,late_growth|deep_32_63|even,6,-0.4621825513769207,1.5223770828608294,0.0007266458332538594,0.0008454398675180587,0.859488487794004
5,late_growth|deep_32_63|even,7,1.525987509661996,4.095670229510079,0.0008824088990688314,0.0006900220795054215,1.2788125558261911
5,late_growth|deep_32_63|even,8,4.095742491401481,9.41129619847798,0.001157905012369152,0.0004153285446087742,2.787925432526821
5,late_growth|deep_32_63|even,9,9.416584108113362,33.835737593958534,0.0015116139650344818,5.807352831485561e-05,26.029311614045678
5,late_growth|deep_32_63|odd,0,-34.07146140671706,-13.358342674246487,0.00022890139818191525,0.0009236240844444802,0.24782961167539228
5,late_growth|deep_32_63|odd,1,-13.353895234997276,-9.571147713717725,0.00029429206848144543,0.0008546468117558874,0.34434349304693135
5,late_growth|deep_32_63|odd,2,-9.570154300928282,-6.885809037513365,0.00030165354609489454,0.0008487371769828265,0.3554145550301472
5,late_growth|deep_32_63|odd,3,-6.884095714929998,-4.559747409617031,0.0003429325580596926,0.0008075869859984974,0.4246385392598819
5,late_growth|deep_32_63|odd,4,-4.559641496357867,-2.3298172821833365,0.0004365556836128237,0.0007144639327248321,0.6110255026420743
5,late_growth|deep_32_63|odd,5,-2.3285927241515876,0.2176325908541552,0.0004993932187557224,0.0006506289518488787,0.7675545598403009
5,late_growth|deep_32_63|odd,6,0.21848483013643816,3.3760141108832635,0.0006012138664722444,0.0005570537024067892,1.0792745185511885
5,late_growth|deep_32_63|odd,7,3.379733444009571,7.21805587727536,0.0008397185623645774,0.00030497120476474814,2.753435567834439
5,late_growth|deep_32_63|odd,8,7.219560360480489,14.949714755132888,0.0010542820334434508,9.930943126455336e-05,10.616132023099775
5,late_growth|deep_32_63|odd,9,14.961075268472337,34.47376666975679,0.0011378598213195802,7.844456232242631e-06,145.05273375644552
5,late_growth|exhaustion_0_31|even,0,-8.032696162401482,-1.8903906568429008,0.002572566002607351,0.0034913054243890028,0.7368493127631662
5,late_growth|exhaustion_0_31|even,1,-1.8900004454873007,-1.2006897970818828,0.0027332324802875493,0.0033261672347456635,0.8217363371678293
5,late_growth|exhaustion_0_31|even,2,-1.2005765056687094,-0.7644667235469766,0.0028089997053146313,0.003251778829969358,0.8638347969505359
5,late_growth|exhaustion_0_31|even,3,-0.7643836412573488,-0.42383253586424263,0.002895268499851219,0.00317198096247965,0.9127635172147708
5,late_growth|exhaustion_0_31|even,4,-0.42382029678813044,-0.11214425808384117,0.002854351723194114,0.003204463914917484,0.8907423516009899
5,late_growth|exhaustion_0_31|even,5,-0.1121295455309802,0.2147745188745151,0.0028404274702072065,0.0032193313901906643,0.8823035363373954
5,late_growth|exhaustion_0_31|even,6,0.21486097780126126,0.5514843000936209,0.0032036919772624912,0.0028593006518899304,1.1204459996695089
5,late_growth|exhaustion_0_31|even,7,0.5515882344776472,0.9619643079761533,0.003099236446619024,0.0029605826042069616,1.0468332963299305
5,late_growth|exhaustion_0_31|even,8,0.9619769660518428,1.6542158106853484,0.003250391119718549,0.0028095962699558365,1.1568890357936163
5,late_growth|exhaustion_0_31|even,9,1.6543023259233534,13.122166183000171,0.0038402834296226572,0.00222025152852175,1.729661428126357
5,late_growth|exhaustion_0_31|odd,0,-10.581115245785409,-2.1869565277104357,0.0016799069762229934,0.0024843195027513675,0.6762040769564895
5,late_growth|exhaustion_0_31|odd,1,-2.1864444996651358,-1.3962458231659283,0.0019263143181800894,0.0022357133570336417,0.8616105960631444
5,late_growth|exhaustion_0_31|odd,2,-1.3962006264662308,-0.8921055673768539,0.00199401387572289,0.0021734834770404496,0.9174276670545769
5,late_growth|exhaustion_0_31|odd,3,-0.8920746498200128,-0.47915459711068087,0.0019752442836761526,0.00218249075331859,0.9050413068979521
5,late_growth|exhaustion_0_31|odd,4,-0.47893646342366103,-0.13990772391238795,0.002114628976583487,0.0020468439081923464,1.0331168723320014
5,late_growth|exhaustion_0_31|odd,5,-0.13986968766788735,0.21116383038405406,0.0020940836906433147,0.002069984167793828,1.01164237061541
5,late_growth|exhaustion_0_31|odd,6,0.21130516299136812,0.5931493749323242,0.0022029614090919533,0.0019607310042843527,1.1235408652580634
5,late_growth|exhaustion_0_31|odd,7,0.5932660721209433,1.0833560336722683,0.002167587292194372,0.001994613241423706,1.0867205968447304
5,late_growth|exhaustion_0_31|odd,8,1.0834194009070455,1.9351444628419925,0.002226643615961079,0.00194075261240703,1.1473093488198225
5,late_growth|exhaustion_0_31|odd,9,1.9355181613324413,9.820877727579001,0.002830887436866765,0.0013242502224574766,2.1377284963663037
5,late_growth|tail_64_95|even,0,-80.59581653410389,-45.07900563126141,1.8431466817855835e-05,0.0002690702440355421,0.0685005764346844
5,late_growth|tail_64_95|even,1,-45.07500421526572,-38.09109020864994,3.111503720283509e-05,0.00025523207698873276,0.12190880382252527
5,late_growth|tail_64_95|even,2,-38.08105151662532,-32.62317567626157,2.5299870967864992e-05,0.00026186922765816757,0.09661261536575164
5,late_growth|tail_64_95|even,3,-32.62039028804938,-27.18123614017041,1.1618828773498535e-05,0.00027598387975467215,0.04209966460297158
5,late_growth|tail_64_95|even,4,-27.158357840676775,-22.626216944638877,4.952561855316164e-05,0.00023629306518364288,0.2095940416815499
5,late_growth|tail_64_95|even,5,-22.618886488025957,-16.916805882638624,4.64265286922455e-05,0.0002411040363092655,0.1925580732820828
5,late_growth|tail_64_95|even,6,-16.895980037308288,-10.97777653649872,8.61910700798035e-05,0.00020169897637150263,0.4273252726927629
5,late_growth|tail_64_95|even,7,-10.976030776606036,-1.6098487373061732,0.0001286482155323029,0.00015677845894227925,0.8205732879391741
5,late_growth|tail_64_95|even,8,-1.6018590188821302,22.77609176588821,0.00023668457865714962,5.0321953507435614e-05,4.703406011894528
5,late_growth|tail_64_95|even,9,25.654285064997033,89.12642256648616,0.00028657870292663607,0.0,
5,late_growth|tail_64_95|odd,0,-108.52570424444201,-61.986756228074576,1.4597153663635253e-05,0.00019871655363252,0.07345715994365165
5,late_growth|tail_64_95|odd,1,-61.96219825650596,-52.55991326474345,1.936483383178711e-06,0.0002116984847055193,0.009147365347807914
5,late_growth|tail_64_95|odd,2,-52.554534568313095,-45.26302633780223,1.1700987815856934e-05,0.000202257044306054,0.05785206570185549
5,late_growth|tail_64_95|odd,3,-45.231091775281556,-37.71318366609685,1.2633055448532104e-05,0.00019941170119835213,0.063351625669981
5,late_growth|tail_64_95|odd,4,-37.694225076438926,-30.69880467475429,4.3806391954422e-05,0.00016953083420113247,0.25839778445524436
5,late_growth|tail_64_95|odd,5,-30.695660452487157,-23.2749395877443,7.87976324558258e-05,0.0001342725325384613,0.5868484861805585
5,late_growth|tail_64_95|odd,6,-23.26585771665267,-10.464603947757844,8.41884493827819e-05,0.00012904255267613161,0.6524084314580816
5,late_growth|tail_64_95|odd,7,-10.447584331998284,28.0357353776954,0.00018819478750228905,3.047740387699332e-05,6.174895613217007
5,late_growth|tail_64_95|odd,8,28.052159550876294,72.13423938513472,0.00021204078793525714,0.0,
5,late_growth|tail_64_95|odd,9,72.6604370509706,95.8283468137699,0.00020890495181083703,0.0,
6,balanced|deep_32_63|even,0,-50.57686688364028,-17.585204568786835,0.0001762344002723691,0.00037039168275297533,0.47580550125339827
6,balanced|deep_32_63|even,1,-17.56187786198893,-12.835645723644399,0.00019374292492866475,0.0003525210930134003,0.5495924322500045
6,balanced|deep_32_63|even,2,-12.83354976323135,-9.942333979706826,0.000189950233697891,0.00036143934913308303,0.5255383348644499
6,balanced|deep_32_63|even,3,-9.941373101023013,-7.248662254687947,0.00018326317071914642,0.00035706957052251357,0.5132421966144312
6,balanced|deep_32_63|even,4,-7.243460160004147,-4.831020682476728,0.00022278320789337114,0.00032277164565071146,0.690219264595679
6,balanced|deep_32_63|even,5,-4.8276330290183,-2.486401369245243,0.00023220762014389,0.00031198905717936236,0.7442812970532936
6,balanced|deep_32_63|even,6,-2.484691344156081,0.4526186469435013,0.00020754765868186904,0.00033765233823720384,0.6146785766845925
6,balanced|deep_32_63|even,7,0.455241932193108,3.7924594379157215,0.00029967739582061786,0.0002469344689227811,1.213590784340156
6,balanced|deep_32_63|even,8,3.794751768175609,8.69922698782166,0.00038653491735458385,0.00015822487717731908,2.44294654703004
6,balanced|deep_32_63|even,9,8.70246010838613,34.614255631692416,0.0004847555279731751,6.082695390615327e-05,7.969419752977917
6,balanced|deep_32_63|odd,0,-65.6482833086361,-24.468604111047135,0.00010606745481491087,0.00025655003077095645,0.4134377006160101
6,balanced|deep_32_63|odd,1,-24.464736116002587,-18.027384351987912,0.00010390658974647521,0.0002578080692420746,0.4030385474432525
6,balanced|deep_32_63|odd,2,-18.026416033595535,-13.802297274315817,0.00011653066277503963,0.000244465283955621,0.4766757098983184
6,balanced|deep_32_63|odd,3,-13.78855063871438,-10.204671892525441,0.00011484134197235107,0.00024606728306001454,0.46670707517155724
6,balanced|deep_32_63|odd,4,-10.201901621934343,-6.973652376644482,0.00015046617388725294,0.00020972394113228805,0.7174487236645197
6,balanced|deep_32_63|odd,5,-6.9721302097230025,-3.9298604490601257,0.00016058893203735357,0.00020095550482109847,0.7991268125763391
6,balanced|deep_32_63|odd,6,-3.9248282706234843,-0.773945798071956,0.0001763794660568239,0.000183760686100352,0.95983243097222
6,balanced|deep_32_63|odd,7,-0.769384803799812,3.1897846809091854,0.0002078722417354586,0.00015325569448574334,1.3563753205581277
6,balanced|deep_32_63|odd,8,3.208956517690746,10.618858866088907,0.0002514334380626682,0.00011016404703494453,2.282354768456467
6,balanced|deep_32_63|odd,9,10.730198492700712,34.07817530014533,0.0003492683887481692,1.1321661931757706e-05,30.849568804775707
6,balanced|exhaustion_0_31|even,0,-15.397584464159685,-3.3224639350190706,0.0017279869258403813,0.0022036328070106463,0.7841537484570735
6,balanced|exhaustion_0_31|even,1,-3.321854375049271,-2.0171165981777803,0.0019658860743045838,0.0019551164916042714,1.0055084097272768
6,balanced|exhaustion_0_31|even,2,-2.0170745718468925,-1.2569101048809705,0.0018369500100612662,0.0020885549831903324,0.8795315540389883
6,balanced|exhaustion_0_31|even,3,-1.2565252905680204,-0.672849030392391,0.001799099034070971,0.0021266947166822623,0.8459601747060551
6,balanced|exhaustion_0_31|even,4,-0.6725857175775454,-0.19397099153526803,0.0019151457846164727,0.0020113341195803288,0.9521768491731617
6,balanced|exhaustion_0_31|even,5,-0.1939626790896625,0.2537888155283057,0.001941842913627627,0.0019835527016706903,0.9789721805687682
6,balanced|exhaustion_0_31|even,6,0.2541267252461449,0.756316554218124,0.0019228776872158074,0.0020033277148672844,0.9598418036877174
6,balanced|exhaustion_0_31|even,7,0.7566083636689693,1.3384590346429301,0.0020379094779491478,0.0018887811096487484,1.0789548177597628
6,balanced|exhaustion_0_31|even,8,1.3387247927356802,2.195083350478286,0.0020108464062213996,0.0019203981025946448,1.047098725782196
6,balanced|exhaustion_0_31|even,9,2.195170837889098,10.654366773835129,0.0022576266348361953,0.001661896910334446,1.3584637054183237
6,balanced|exhaustion_0_31|odd,0,-25.501593097330442,-4.024236245344688,0.0011154255867004386,0.0015199116993347879,0.7338752555090018
6,balanced|exhaustion_0_31|odd,1,-4.023094473716218,-2.352081871590836,0.0012231950461864462,0.0014101779657005123,0.8674047360957158
6,balanced|exhaustion_0_31|odd,2,-2.3517912776655288,-1.45688515052285,0.0012927692830562588,0.0013426052868093412,0.9628811205775034
6,balanced|exhaustion_0_31|odd,3,-1.4566209001558976,-0.8425600760640688,0.0013361848652362835,0.001297529899501947,1.0297911945991949
6,balanced|exhaustion_0_31|odd,4,-0.8424965845122074,-0.3162790054364735,0.0012238707840442654,0.0014097507836231518,0.8681469081356616
6,balanced|exhaustion_0_31|odd,5,-0.31601128177560917,0.16337328095188633,0.001361094385385513,0.0012739295707213053,1.068422004377255
6,balanced|exhaustion_0_31|odd,6,0.16368446804674386,0.6543105840278856,0.0013572451114654553,0.0012773683281610342,1.062532302972797
6,balanced|exhaustion_0_31|odd,7,0.6545452374366668,1.2604434963205366,0.0013370301902294168,0.0012965312071116304,1.0312364121246327
6,balanced|exhaustion_0_31|odd,8,1.2609442151572765,2.1861120467297694,0.0013396015226840971,0.0013011509565460091,1.0295511953817853
6,balanced|exhaustion_0_31|odd,9,2.1885690069782626,18.428068577257505,0.001561243242025378,0.001066209288656813,1.4642934165319437
6,balanced|tail_64_95|even,0,-143.1975183437441,-96.87426748175442,9.719198942184447e-06,6.53377005152294e-05,0.14875330575674336
6,balanced|tail_64_95|even,1,-96.77015189510753,-85.55202855394327,7.745885848999023e-06,6.61857770298449e-05,0.1170324833612847
6,balanced|tail_64_95|even,2,-85.52866260006618,-70.44098006293106,5.7795286178588874e-06,6.948411681880365e-05,0.0831776941618238
6,balanced|tail_64_95|even,3,-70.37208045867308,-59.95322648692777,2.8929710388183595e-06,7.141688332746576e-05,0.040508223042348454
6,balanced|tail_64_95|even,4,-59.84530340138028,-48.083475524312554,5.753850936889649e-06,6.865625011433553e-05,0.08380665893210844
6,balanced|tail_64_95|even,5,-48.05857139710306,-33.1721109588902,1.0594987869262696e-05,6.329683674532515e-05,0.167385740173583
6,balanced|tail_64_95|even,6,-32.977122388749706,-6.770537288837053,3.469889163970947e-05,3.927921778018879e-05,0.8833905968771738
6,balanced|tail_64_95|even,7,-6.318213380992423,13.878724724105961,7.140073180198671e-05,4.590633151348384e-06,15.553569507294332
6,balanced|tail_64_95|even,8,15.0915415460667,53.68077674344316,7.403938770294192e-05,3.0799816242509726e-07,240.38905660986768
6,balanced|tail_64_95|even,9,53.924826342222,95.07543165286775,7.282009124755859e-05,0.0,
6,balanced|tail_64_95|odd,0,-200.08694741223414,-129.53165432332364,1.5546339750289917e-05,4.7554403912401754e-05,0.3269169303210543
6,balanced|tail_64_95|odd,1,-129.48756198434,-106.51286588761776,1.7591094970703124e-05,5.1272463755362826e-05,0.34309049501962324
6,balanced|tail_64_95|odd,2,-106.50562501765398,-95.9919693237405,1.7540192604064938e-05,3.905856273395695e-05,0.44907419465324433
6,balanced|tail_64_95|odd,3,-95.9683640713868,-83.83826753783035,1.8450403213500977e-05,4.500972664755802e-05,0.40992035694804635
6,balanced|tail_64_95|odd,4,-83.60937965967362,-64.66298705090165,1.0642099380493163e-05,5.151337338978603e-05,0.20658905989261533
6,balanced|tail_64_95|odd,5,-64.66145639724667,-38.754770082498766,2.71353006362915e-05,4.2168160892708336e-05,0.6435021130120878
6,balanced|tail_64_95|odd,6,-38.66546853673537,16.63775044373947,4.5565271377563476e-05,1.2374447338595869e-05,3.6822065770521735
6,balanced|tail_64_95|odd,7,17.75858790500308,51.59479166695348,6.184453964233402e-05,0.0,
6,balanced|tail_64_95|odd,8,52.517070613484535,70.991472249427,6.443188190460207e-05,0.0,
6,balanced|tail_64_95|odd,9,71.09193685323167,116.92257948495016,6.034982204437257e-05,0.0,
6,early_growth|deep_32_63|even,0,-40.763605301042695,-13.313490020925153,0.00020457524061202957,0.0006399919341111962,0.31965284202548305
6,early_growth|deep_32_63|even,1,-13.312393500392059,-9.637116335353282,0.00023153945207595765,0.0006115224851726726,0.37862786355366634
6,early_growth|deep_32_63|even,2,-9.632577534765161,-6.936245183025418,0.0002595547378063195,0.0005844960843334842,0.4440658282634971
6,early_growth|deep_32_63|even,3,-6.93587707274107,-4.99848609867037,0.0002850142598152158,0.0005595581867114158,0.5093558928880578
6,early_growth|deep_32_63|even,4,-4.997511363346808,-2.881395885755398,0.00026386706829070966,0.0005792463109003356,0.45553517273260685
6,early_growth|deep_32_63|even,5,-2.881030623977988,-0.6587156234113662,0.00032158330678939875,0.0005229771082468742,0.6149089543659214
6,early_growth|deep_32_63|even,6,-0.6554933186432029,1.6831992289760027,0.0004026360690593728,0.0004412066839321647,0.9125792598402201
6,early_growth|deep_32_63|even,7,1.6949449937885674,5.090099820259361,0.00046992409825325106,0.0003754605604424671,1.2515937697942547
6,early_growth|deep_32_63|even,8,5.093167431405955,10.70421610823923,0.0006883078575134267,0.0001547254279294989,4.448576208346673
6,early_growth|deep_32_63|even,9,10.72651618805453,42.62598301684471,0.0008192923247814169,2.258188351542558e-05,36.28095611341552
6,early_growth|deep_32_63|odd,0,-46.594604734388916,-18.235473747401862,0.0001817779242992403,0.0004121049936825183,0.4410961456081754
6,early_growth|deep_32_63|odd,1,-18.2319795417602,-13.161111029590119,0.00017315933108329784,0.0004179195818958027,0.41433648621535657
6,early_growth|deep_32_63|odd,2,-13.160327626863007,-9.900857191180252,0.00020115152001380933,0.00038959389995673455,0.5163107534182331
6,early_growth|deep_32_63|odd,3,-9.898912271293664,-6.970951686942792,0.00018171551227569606,0.0004102735072711587,0.44291310322310506
6,early_growth|deep_32_63|odd,4,-6.970778092142424,-4.1312945175685885,0.00020953722596168546,0.00038232667268025514,0.5480580899385071
6,early_growth|deep_32_63|odd,5,-4.130541253878034,-1.8270307653200781,0.0003025066375732425,0.00028936058122898796,1.0454314001182188
6,early_growth|deep_32_63|odd,6,-1.8269866922062676,1.2573709073156054,0.0003037577927112584,0.00028837501338041104,1.05334296876323
6,early_growth|deep_32_63|odd,7,1.2624429305952183,4.9201189254053395,0.0003777763545513159,0.00021737154243900393,1.7379292170101923
6,early_growth|deep_32_63|odd,8,4.924163784009133,11.645532292197485,0.0004948517858982093,9.43883226919967e-05,5.242722529491123
6,early_growth|deep_32_63|odd,9,11.645899781360056,48.53130523164663,0.0005734782457351689,1.7550724571523796e-05,32.675474075050005
6,early_growth|exhaustion_0_31|even,0,-13.099966340989626,-2.378135400045142,0.0025757520735263874,0.0035922793730755144,0.7170244310149988
6,early_growth|exhaustion_0_31|even,1,-2.3775294616259335,-1.5066522055212048,0.002791300088167185,0.003375524774115678,0.8269233008068949
6,early_growth|exhaustion_0_31|even,2,-1.5064230531120018,-0.9691847007846693,0.0029851284027099505,0.0031830178837819107,0.9378296043888898
6,early_growth|exhaustion_0_31|even,3,-0.9691136479273507,-0.5591319466112604,0.0030826563596725314,0.003084018346764827,0.999558372571381
6,early_growth|exhaustion_0_31|even,4,-0.5589857367243635,-0.19601819136795734,0.0030865352749824414,0.003080669291539795,1.0019041263074733
6,early_growth|exhaustion_0_31|even,5,-0.19595657319694204,0.1612219070173003,0.003135662961006155,0.0030332645163030246,1.0337584948997243
6,early_growth|exhaustion_0_31|even,6,0.16132459646329414,0.5679837924568556,0.0030420953214168474,0.0031254710350730615,0.973323792567393
6,early_growth|exhaustion_0_31|even,7,0.5680465292408057,1.070472186231495,0.0030428692638873995,0.0031227538737291817,0.9744185379085338
6,early_growth|exhaustion_0_31|even,8,1.0705458515986157,1.88714302898611,0.003113498330116267,0.0030547129725071883,1.019244150968734
6,early_growth|exhaustion_0_31|even,9,1.8874938959195653,14.386596036043532,0.0038130171477794663,0.0023533880016249416,1.62022460603466
6,early_growth|exhaustion_0_31|odd,0,-18.127139000993708,-2.7844485707384186,0.0018270045518875141,0.0023169607742539403,0.7885349515577398
6,early_growth|exhaustion_0_31|odd,1,-2.7842492084307406,-1.6785514079477557,0.0019674630105495482,0.0021752639243994495,0.9044709418847778
6,early_growth|exhaustion_0_31|odd,2,-1.6784956979200243,-1.0621571883034084,0.001998463153839115,0.002143006835752909,0.9325509935375399
6,early_growth|exhaustion_0_31|odd,3,-1.0621218838380313,-0.6179431460334426,0.0020265394806861917,0.0021188561262165846,0.95643090420904
6,early_growth|exhaustion_0_31|odd,4,-0.6177220354314866,-0.2366481294701483,0.0019738476216793087,0.0021664476269239925,0.9110987023867524
6,early_growth|exhaustion_0_31|odd,5,-0.23664144049855093,0.12957878007925777,0.002027970337867739,0.002115019361401701,0.9588424460207913
6,early_growth|exhaustion_0_31|odd,6,0.129662415018225,0.5273274476820247,0.002109734463691715,0.0020335081419994897,1.0374851322784842
6,early_growth|exhaustion_0_31|odd,7,0.5273472247445071,1.0252876412146734,0.002175549310445789,0.0019697364029543116,1.1044875381207295
6,early_growth|exhaustion_0_31|odd,8,1.025314427401622,1.8582048642731652,0.0021482739031314876,0.001990094211387518,1.0794835193423755
6,early_growth|exhaustion_0_31|odd,9,1.8582215181740547,14.078363196268027,0.002519390189647677,0.001622828220249383,1.5524688061318763
6,early_growth|tail_64_95|even,0,-148.74756285063154,-89.94804831797549,1.8344974517822266e-05,0.00010340907483107005,0.1774019789635559
6,early_growth|tail_64_95|even,1,-89.84109963519367,-77.45328448563133,9.671592712402345e-06,0.00011266073034518659,0.0858470620842692
6,early_growth|tail_64_95|even,2,-77.44444400237617,-67.5170100636225,1.8478310108184813e-05,0.00010085160548993282,0.18322276594822626
6,early_growth|tail_64_95|even,3,-67.47116019515686,-57.90278371016389,2.2137188911437988e-05,9.950329830615361e-05,0.2224769358230304
6,early_growth|tail_64_95|even,4,-57.881360556817846,-45.60138203050554,2.0200371742248536e-05,0.00010086730219777033,0.20026679907272332
6,early_growth|tail_64_95|even,5,-45.58943451423615,-31.37828522494697,3.6616891622543345e-05,8.413419829829615e-05,0.43522006940291835
6,early_growth|tail_64_95|even,6,-31.27911221881607,2.1117548716640826,7.677888870239263e-05,4.45190693561493e-05,1.724629238948531
6,early_growth|tail_64_95|even,7,2.32610637611062,44.41885718238441,0.00012046515941619878,7.427709457180699e-07,162.18345656983084
6,early_growth|tail_64_95|even,8,44.64718378805658,86.86855040887778,0.00012356464862823483,0.0,
6,early_growth|tail_64_95|even,9,87.03673379149646,134.0954461925084,0.00011837692260742188,0.0,
6,early_growth|tail_64_95|odd,0,-174.52090286372123,-100.13340772222338,1.2580013275146483e-05,6.831073840198259e-05,0.1841586486903115
6,early_growth|tail_64_95|odd,1,-100.06828135032788,-85.3012352854135,9.66672897338867e-06,7.10291292654041e-05,0.13609527630936352
6,early_growth|tail_64_95|odd,2,-85.28543004935162,-73.29212102184572,8.706951141357421e-06,7.182931333117911e-05,0.12121724039338652
6,early_growth|tail_64_95|odd,3,-73.271641021179,-62.70592126740053,2.2310245037078855e-05,6.452800787759513e-05,0.3457451387527683
6,early_growth|tail_64_95|odd,4,-62.66803724595194,-48.74732379925336,9.596824645996093e-07,7.36544191042004e-05,0.01302953001695563
6,early_growth|tail_64_95|odd,5,-48.73491916503234,-25.737602821831068,2.3194694519042966e-05,5.848088400223725e-05,0.39662010783140056
6,early_growth|tail_64_95|odd,6,-25.508916528018396,16.096135298811294,6.962301135063172e-05,1.2913066777569102e-05,5.391671285365901
6,early_growth|tail_64_95|odd,7,16.12722678291286,41.46800769443671,7.783374786376958e-05,0.0,
6,early_growth|tail_64_95|odd,8,41.744621716636075,75.41972227904984,8.20277214050293e-05,0.0,
6,early_growth|tail_64_95|odd,9,75.59558982697189,128.0614129984334,7.877306938171386e-05,0.0,
6,late_growth|deep_32_63|even,0,-50.02758586273438,-17.403168049939826,0.00020267407298088044,0.0013710068031883552,0.1478286413382853
6,late_growth|deep_32_63|even,1,-17.402364834698112,-13.07714361094034,0.000314959567785263,0.0012625762481550454,0.24945785907623513
6,late_growth|deep_32_63|even,2,-13.0770916169531,-10.083186821667638,0.00036093819141387953,0.0012056770302863763,0.299365570005218
6,late_growth|deep_32_63|even,3,-10.081046229683569,-7.370114164617758,0.00038188918828964256,0.0011881023278620224,0.3214278596498065
6,late_growth|deep_32_63|even,4,-7.3664860588989205,-4.69684948372686,0.0004259669601917271,0.0011483693163505618,0.37093202868343833
6,late_growth|deep_32_63|even,5,-4.695646354066702,-1.8609941949463185,0.0005980676472187036,0.0009716957478533593,0.6154885915060723
6,late_growth|deep_32_63|even,6,-1.860120197026776,1.5958242949600567,0.0007408975243568404,0.000831449154192115,0.8910918011297277
6,late_growth|deep_32_63|even,7,1.5970803726033442,6.449584812756562,0.0009705402970314009,0.0006014724049519789,1.6136073559499178
6,late_growth|deep_32_63|even,8,6.464393981022974,15.853588777830005,0.0013286046981811502,0.0002501861535996393,5.3104645443618415
6,late_growth|deep_32_63|even,9,15.91644610315384,55.891713971193006,0.0015545844733715027,9.874042783047122e-06,157.44153712201754
6,late_growth|deep_32_63|odd,0,-60.643585835241616,-24.096270093084783,0.000200690335035324,0.0009511326463268921,0.21100141584915097
6,late_growth|deep_32_63|odd,1,-24.090341728732003,-17.794385279615977,0.00022009034752845766,0.0009297443310097263,0.2367213654203558
6,late_growth|deep_32_63|odd,2,-17.793737950386674,-13.381155770125,0.0002744958460330964,0.000880990915124647,0.3115762504704823
6,late_growth|deep_32_63|odd,3,-13.378765755593703,-9.313046669349283,0.00029638758301734936,0.0008492162663718448,0.34901307800381987
6,late_growth|deep_32_63|odd,4,-9.31233272908093,-5.518623047962251,0.00035522081255912795,0.0007954836347403141,0.44654697726759635
6,late_growth|deep_32_63|odd,5,-5.515452093173671,-1.3646586130586247,0.00048682145476341293,0.0006635537184809006,0.7336579408791684
6,late_growth|deep_32_63|odd,6,-1.364604133803577,4.926243670097632,0.0006778120517730695,0.0004740659791099317,1.4297842107245813
6,late_growth|deep_32_63|odd,7,4.928256313520539,13.646427880645788,0.0009457978129386891,0.0002034857116005651,4.647981450389279
6,late_growth|deep_32_63|odd,8,13.660123635007954,25.827349654506698,0.0011351178467273713,2.1193535658919837e-05,53.55962615183692
6,late_growth|deep_32_63|odd,9,25.833816802926133,56.53702142832628,0.0011443686664104463,0.0,
6,late_growth|exhaustion_0_31|even,0,-16.826077123655548,-3.121947503367048,0.0024828874528408118,0.0035784413905800795,0.6938460580566687
6,late_growth|exhaustion_0_31|even,1,-3.1217799782024347,-1.9248269344640347,0.0025913367986679075,0.0034708328863607904,0.7466037356194798
6,late_growth|exhaustion_0_31|even,2,-1.9247748106869147,-1.2396284247938523,0.0029101480662822657,0.0031507253784517895,0.9236438333169681
6,late_growth|exhaustion_0_31|even,3,-1.239563262149376,-0.711231045665571,0.0028482829809188793,0.0032140325514566337,0.8862022818119895
6,late_growth|exhaustion_0_31|even,4,-0.7111590266645514,-0.23244253946825266,0.002778975582122797,0.0032828215456279,0.8465204530608339
6,late_growth|exhaustion_0_31|even,5,-0.23227843517713687,0.2236888781112889,0.0029554808378219493,0.0031100273341459583,0.9503070295790668
6,late_growth|exhaustion_0_31|even,6,0.22369940704462732,0.731410400269191,0.0031099442481994552,0.002947178140559333,1.0552277805674928
6,late_growth|exhaustion_0_31|even,7,0.7317021877655159,1.3767523948334137,0.0030503897130489243,0.0030134638594607175,1.0122536241714926
6,late_growth|exhaustion_0_31|even,8,1.3770564690869187,2.4471362529297833,0.0033181940317153925,0.0027402935485711585,1.2108899914921751
6,late_growth|exhaustion_0_31|even,9,2.447768739540193,19.208868322203088,0.004052809143066412,0.002006942176051908,2.0193950734739996
6,late_growth|exhaustion_0_31|odd,0,-23.127775200296522,-3.7107110455552474,0.0015275281131267556,0.002638095041562971,0.5790269452239876
6,late_growth|exhaustion_0_31|odd,1,-3.7098738906660156,-2.275474281551824,0.0018240449130535155,0.0023355703764716546,0.7809847784630235
6,late_growth|exhaustion_0_31|odd,2,-2.275432109845078,-1.424273950155467,0.001929542851448064,0.0022333454373918444,0.8639697286154853
6,late_growth|exhaustion_0_31|odd,3,-1.4242189112555146,-0.7964740373559598,0.0019383755028247883,0.0022250969888709007,0.871142027749718
6,late_growth|exhaustion_0_31|odd,4,-0.7963449791728515,-0.2920223216786759,0.002169649761915213,0.001992678946682525,1.0888105008221793
6,late_growth|exhaustion_0_31|odd,5,-0.29154848649536236,0.2147414180917947,0.0021270842015743315,0.0020376390797730054,1.0438964499106929
6,late_growth|exhaustion_0_31|odd,6,0.21479753929804496,0.7849533746059811,0.0021218153119087263,0.0020380101540103434,1.0411210698501543
6,late_growth|exhaustion_0_31|odd,7,0.785008295744024,1.485356728634008,0.0022556987166404757,0.0019065464154801653,1.183133386276555
6,late_growth|exhaustion_0_31|odd,8,1.485383394074622,2.73929864766453,0.0023497062146663706,0.001820016743152756,1.2910354937702666
6,late_growth|exhaustion_0_31|odd,9,2.739556863484407,14.45850020481459,0.002968826287984853,0.0011861830633066181,2.502839890251777
6,late_growth|tail_64_95|even,0,-145.67088509908953,-89.38583503762457,3.010343313217163e-05,0.00025834727629793616,0.1165231295005223
6,late_growth|tail_64_95|even,1,-89.3669044403607,-75.45420845546258,1.357693076133728e-05,0.0002718377183479925,0.04994498498533158
6,late_growth|tail_64_95|even,2,-75.44005560451383,-65.40674947734398,1.9328832626342775e-06,0.00028491540408498233,0.006784060233042901
6,late_growth|tail_64_95|even,3,-65.38565215238997,-57.69054730894822,2.430402040481567e-05,0.00026256149059006214,0.09256506104606785
6,late_growth|tail_64_95|even,4,-57.65856897246019,-49.439742555294195,3.8835632801055916e-05,0.0002489850310671313,0.1559757734615984
6,late_growth|tail_64_95|even,5,-49.43951370497815,-39.77137947078444,3.690815567970277e-05,0.00024903448481534865,0.14820499942836843
6,late_growth|tail_64_95|even,6,-39.724594337024406,-27.40048890276816,5.9200453758239766e-05,0.00022945591720806941,0.2580036046948273
6,late_growth|tail_64_95|even,7,-27.31445481639456,-1.9009312857588534,0.00014995827078819252,0.00013588690538215775,1.103552033703774
6,late_growth|tail_64_95|even,8,-1.8085381371585165,45.70246779488546,0.0002791214346885676,7.3276909575598704e-06,38.0913218509307
6,late_growth|tail_64_95|even,9,46.15679221602662,134.24807868348685,0.00028657870292663607,0.0,
6,late_growth|tail_64_95|odd,0,-182.82410825990175,-115.50669881477424,5.810165405273437e-06,0.00020758873903590846,0.0279888274877396
6,late_growth|tail_64_95|odd,1,-115.47940811738502,-100.41548876779457,9.596824645996093e-07,0.00021438249343333385,0.004476496421094384
6,late_growth|tail_64_95|odd,2,-100.41454086593187,-89.23679317960024,2.5390785932540896e-05,0.0001864869203564947,0.13615317301611832
6,late_growth|tail_64_95|odd,3,-89.22653971088558,-77.41345772334749,3.873682022094726e-06,0.00020902665346008616,0.01853200038355113
6,late_growth|tail_64_95|odd,4,-77.41015998121468,-64.62806264689638,2.0380419492721557e-05,0.00019457518420680972,0.10474315918447058
6,late_growth|tail_64_95|odd,5,-64.62294332654788,-45.72173899107674,4.578054547309876e-05,0.00016532728706495866,0.27690858711732896
6,late_growth|tail_64_95|odd,6,-45.69437267006605,-9.532585650403027,0.00011741892099380494,9.666169655652976e-05,1.2147409488631924
6,late_growth|tail_64_95|odd,7,-9.526406694775478,53.587273414652195,0.00021530437469482452,1.358133021042988e-06,158.52966635733515
6,late_growth|tail_64_95|odd,8,54.31485081205912,110.1306493251812,0.00020894547104835534,0.0,
6,late_growth|tail_64_95|odd,9,110.37469670633297,148.21698465386154,0.00021293663382530235,0.0,
