table,scope,key,bin_order,actual_mass,iid_mass,delta,ratio,abs_delta,L1_share,from_bin,from_actual_mass,from_iid_mass,conditional_actual,conditional_iid,conditional_delta,abs_conditional_delta
transition,ALL,0-1 -> 0-1,0,0.3244663709042216,0.3334133864332731,-0.008947015529051527,0.9731653979920746,0.008947015529051527,0.01915109816379155,0-1,0.3244663709042216,0.3334133864332731,1.0,1.0,0.0,0.0
transition,ALL,2-3 -> 0-1,1,0.3244663709042216,0.3334133864332731,-0.008947015529051527,0.9731653979920746,0.008947015529051527,0.01915109816379155,2-3,0.5710653445190149,0.5844033745724263,0.5681773093366511,0.5705192696349711,-0.0023419602983200116,0.0023419602983200116
transition,ALL,2-3 -> 2-3,1,0.24659897361408517,0.2509899881383195,-0.004391014524234349,0.9825052204002078,0.004391014524234349,0.0093989721957218,2-3,0.5710653445190149,0.5844033745724263,0.4318226906621088,0.42948073036360235,0.0023419602985064736,0.0023419602985064736
transition,ALL,4-7 -> 2-3,2,0.3244663709042216,0.3334133864332731,-0.008947015529051527,0.9731653979920746,0.008947015529051527,0.01915109816379155,4-7,1.002613104094158,1.0393354035598898,0.3236207162855415,0.3207947937607812,0.002825922524760327,0.002825922524760327
transition,ALL,4-7 -> 4-7,2,0.6781467331891144,0.705922017132278,-0.02777528394316353,0.960653891975211,0.02777528394316353,0.05945303074477815,4-7,1.002613104094158,1.0393354035598898,0.6763792837136388,0.6792052062446658,-0.002825922531027092,0.002825922531027092
transition,ALL,8-15 -> 4-7,3,0.3244663709042216,0.3334133864332731,-0.008947015529051527,0.9731653979920746,0.008947015529051527,0.01915109816379155,8-15,1.8318025905974524,1.8795882287198973,0.17712955127899185,0.1773863984349093,-0.0002568471559174501,0.0002568471559174501
transition,ALL,8-15 -> 8-15,3,1.5073362196905244,1.5461748422888544,-0.03883862259832993,0.9748808339548225,0.03883862259832993,0.08313412126221266,8-15,1.8318025905974524,1.8795882287198973,0.8228704487195306,0.8226136015662773,0.00025684715325335894,0.00025684715325335894
transition,ALL,16-31 -> 16-31,4,2.769139812293619,2.852082893273371,-0.082943080979752,0.9709184185440848,0.082943080979752,0.17753977074173405,16-31,3.093606183209028,3.185496279721681,0.895117105507322,0.8953339269077908,-0.00021682140046874743,0.00021682140046874743
transition,ALL,16-31 -> 8-15,4,0.3244663709042216,0.3334133864332731,-0.008947015529051527,0.9731653979920746,0.008947015529051527,0.01915109816379155,16-31,3.093606183209028,3.185496279721681,0.10488289448906178,0.10466607308748879,0.00021682140157298913,0.00021682140157298913
transition,ALL,32-63 -> 16-31,5,0.20814523139013164,0.21740720719502352,-0.009261975804891881,0.9573980277637093,0.009261975804891881,0.01982527103637993,32-63,1.9595323635153283,2.139742957482668,0.10622189011296901,0.10160435693210339,0.004617533180865621,0.004617533180865621
transition,ALL,32-63 -> 32-63,5,1.7513871321220238,1.9223357502733769,-0.1709486181513531,0.9110724450049673,0.1709486181513531,0.365915735426039,32-63,1.9595323635153283,2.139742957482668,0.8937781098854117,0.8983956430612288,-0.004617533175817035,0.004617533175817035
transition,ALL,64-95 -> 32-63,6,0.0309728808641432,0.03703212362544179,-0.0060592427612985895,0.836378739102724,0.0060592427612985895,0.012969816867208923,64-95,0.26643459904789457,0.3416618681236372,0.11624946975664929,0.1083882255541639,0.007861244202485393,0.007861244202485393
transition,ALL,64-95 -> 64-95,6,0.2354617181839659,0.30462974449715174,-0.06916802631318583,0.7729439506067913,0.06916802631318583,0.14805424863948619,64-95,0.26643459904789457,0.3416618681236372,0.883750530244156,0.8916117744427815,-0.00786124419862555,0.00786124419862555
transition,ALL,96-127 -> 64-95,7,0.0032908336639404434,0.005308200605192959,-0.0020173669412525156,0.6199527690647286,0.0020173669412525156,0.004318176513594417,96-127,0.01864440722465212,0.03170375111293965,0.17650513766880274,0.1674313107708714,0.009073826897931347,0.009073826897931347
transition,ALL,96-127 -> 96-127,7,0.015353573560713027,0.02639555050774018,-0.011041976947027153,0.5816727920188963,0.011041976947027153,0.02363536575388708,96-127,0.01864440722465212,0.03170375111293965,0.8234948623312696,0.8325686892289231,-0.00907382689765357,0.00907382689765357
transition,balanced|deep_32_63|even,0-1 -> 0-1,0,0.005194626796245632,0.005634077644024788,-0.000439450847779156,0.9220012794383097,0.000439450847779156,0.021401454047844753,0-1,0.005194626796245632,0.005634077644024788,1.0,1.0,0.0,0.0
transition,balanced|deep_32_63|even,2-3 -> 0-1,1,0.005194626796245632,0.005634077644024788,-0.000439450847779156,0.9220012794383097,0.000439450847779156,0.021401454047844753,2-3,0.009224433273076753,0.009916306660979502,0.5631377714452257,0.5681629095028684,-0.0050251380576427085,0.0050251380576427085
transition,balanced|deep_32_63|even,2-3 -> 2-3,1,0.004029806476831445,0.004282229016956109,-0.0002524225401246633,0.9410534702545895,0.0002524225401246633,0.012293091298877378,2-3,0.009224433273076753,0.009916306660979502,0.43686222855480944,0.43183709049727226,0.005025138057537182,0.005025138057537182
transition,balanced|deep_32_63|even,4-7 -> 2-3,2,0.005194626796245632,0.005634077644024788,-0.000439450847779156,0.9220012794383097,0.000439450847779156,0.021401454047844753,4-7,0.015871050351858013,0.017728128704290753,0.3273020172629911,0.317804419067714,0.009497598195277068,0.009497598195277068
transition,balanced|deep_32_63|even,4-7 -> 4-7,2,0.010676423555612206,0.012094051060271893,-0.0014176275046596867,0.8827830726367203,0.0014176275046596867,0.0690390974354929,4-7,0.015871050351858013,0.017728128704290753,0.672697982736998,0.6821955809326203,-0.009497598195622348,0.009497598195622348
transition,balanced|deep_32_63|even,8-15 -> 4-7,3,0.005194626796245632,0.005634077644024788,-0.000439450847779156,0.9220012794383097,0.000439450847779156,0.021401454047844753,8-15,0.029992903000115628,0.03217238116302335,0.1731951987517049,0.17512156204652318,-0.0019263632948182952,0.0019263632948182952
transition,balanced|deep_32_63|even,8-15 -> 8-15,3,0.024798276203870293,0.026538303518997094,-0.0017400273151268013,0.9344333629359078,0.0017400273151268013,0.08474011329111206,8-15,0.029992903000115628,0.03217238116302335,0.826804801248305,0.8248784379534312,0.001926363294873834,0.001926363294873834
transition,balanced|deep_32_63|even,16-31 -> 16-31,4,0.04903438673018784,0.05378511773255909,-0.00475073100237125,0.9116720163002382,0.00475073100237125,0.23136273773219532,16-31,0.05422901352643173,0.05941919537657547,0.9042094543410424,0.9051808492472876,-0.0009713949062452043,0.0009713949062452043
transition,balanced|deep_32_63|even,16-31 -> 8-15,4,0.005194626796245632,0.005634077644024788,-0.000439450847779156,0.9220012794383097,0.000439450847779156,0.021401454047844753,16-31,0.05422901352643173,0.05941919537657547,0.09579054565898976,0.09481915075285388,0.0009713949061358751,0.0009713949061358751
transition,balanced|deep_32_63|even,32-63 -> 16-31,5,0.005194626796245632,0.005634077644024788,-0.000439450847779156,0.9220012794383097,0.000439450847779156,0.021401454047844753,32-63,0.09647148325445334,0.104296623649724,0.053846241614677735,0.05401975104147772,-0.0001735094267999865,0.0001735094267999865
transition,balanced|deep_32_63|even,32-63 -> 32-63,5,0.09127685645820546,0.09866254600570523,-0.007385689547499769,0.9251419120374951,0.007385689547499769,0.3596864046599773,32-63,0.09647148325445334,0.104296623649724,0.9461537583852989,0.94598024895858,0.00017350942671889857,0.00017350942671889857
transition,balanced|deep_32_63|even,64-95 -> 32-63,6,0.0023852724134922117,0.002685798231032079,-0.00030052581753986724,0.8881055866119982,0.00030052581753986724,0.014635742556361301,64-95,0.013913339871167427,0.01626382803404726,0.17143780253907293,0.16513936481679076,0.006298437722282169,0.006298437722282169
transition,balanced|deep_32_63|even,64-95 -> 64-95,6,0.011528067457675486,0.013578029803014069,-0.002049962345338583,0.8490235788933436,0.002049962345338583,0.09983408873891512,64-95,0.013913339871167427,0.01626382803404726,0.8285621974609465,0.8348606351831409,-0.0062984377221944055,0.0062984377221944055
transition,balanced|deep_32_63|odd,0-1 -> 0-1,0,0.0034197090268135097,0.0036658633092448226,-0.0002461542824313129,0.932852301991036,0.0002461542824313129,0.022103815903620944,0-1,0.0034197090268135097,0.0036658633092448226,1.0,1.0,0.0,0.0
transition,balanced|deep_32_63|odd,2-3 -> 0-1,1,0.0034197090268135097,0.0036658633092448226,-0.0002461542824313129,0.932852301991036,0.0002461542824313129,0.022103815903620944,2-3,0.006107693076133854,0.006452315958841666,0.5599019112758318,0.5681468999083124,-0.008244988632480577,0.008244988632480577
transition,balanced|deep_32_63|odd,2-3 -> 2-3,1,0.0026879840493202237,0.002786452649596747,-9.846860027652336e-05,0.9646616638934189,9.846860027652336e-05,0.008842144817882062,2-3,0.006107693076133854,0.006452315958841666,0.44009808872414835,0.4318531000916727,0.008244988632475636,0.008244988632475636
transition,balanced|deep_32_63|odd,4-7 -> 2-3,2,0.0034197090268135097,0.0036658633092448226,-0.0002461542824313129,0.932852301991036,0.0002461542824313129,0.022103815903620944,4-7,0.010647027593850021,0.011536012873892623,0.3211890827435082,0.3177755910398739,0.003413491703634308,0.003413491703634308
transition,balanced|deep_32_63|odd,4-7 -> 4-7,2,0.007227318567037702,0.00787014956464789,-0.0006428309976101885,0.918320358167304,0.0006428309976101885,0.057724033431274954,4-7,0.010647027593850021,0.011536012873892623,0.6788109172566036,0.6822244089601339,-0.003413491703530336,0.003413491703530336
transition,balanced|deep_32_63|odd,8-15 -> 4-7,3,0.0034197090268135097,0.0036658633092448226,-0.0002461542824313129,0.932852301991036,0.0002461542824313129,0.022103815903620944,8-15,0.019624626111984924,0.020931432420121993,0.1742560091234077,0.1751367625333048,-0.0008807534098971004,0.0008807534098971004
transition,balanced|deep_32_63|odd,8-15 -> 8-15,3,0.016204917085169093,0.01726556911088372,-0.001060652025714627,0.938568371601141,0.001060652025714627,0.09524293822001942,8-15,0.019624626111984924,0.020931432420121993,0.825743990876474,0.8248632374670082,0.0008807534094658065,0.0008807534094658065
transition,balanced|deep_32_63|odd,16-31 -> 16-31,4,0.033033936029673076,0.035005635869236565,-0.0019716998395634885,0.9436747886275009,0.0019716998395634885,0.17705192792277133,16-31,0.03645364505648777,0.038671499178478536,0.9061902034346472,0.9052050376344836,0.000985165800163612,0.000985165800163612
transition,balanced|deep_32_63|odd,16-31 -> 8-15,4,0.0034197090268135097,0.0036658633092448226,-0.0002461542824313129,0.932852301991036,0.0002461542824313129,0.022103815903620944,16-31,0.03645364505648777,0.038671499178478536,0.09380979656532024,0.09479496236559014,-0.000985165800269902,0.000985165800269902
transition,balanced|deep_32_63|odd,32-63 -> 16-31,5,0.0034197090268135097,0.0036658633092448226,-0.0002461542824313129,0.932852301991036,0.0002461542824313129,0.022103815903620944,32-63,0.06281407960058524,0.06837006959437412,0.05444175969079467,0.053617954917899786,0.0008238047728948844,0.0008238047728948844
transition,balanced|deep_32_63|odd,32-63 -> 32-63,5,0.059394370573771435,0.06470420628515522,-0.005309835711383784,0.9179367769695987,0.005309835711383784,0.47680515603318696,32-63,0.06281407960058524,0.06837006959437412,0.9455582403092005,0.9463820450824793,-0.0008238047732787024,0.0008238047732787024
transition,balanced|deep_32_63|odd,64-95 -> 32-63,6,0.001639991503953934,0.0017994298787137105,-0.0001594383747597764,0.9113950609324394,0.0001594383747597764,0.014317022839714425,64-95,0.01035843414664162,0.01093430125308194,0.15832426800585947,0.16456743207130164,-0.006243164065442175,0.006243164065442175
transition,balanced|deep_32_63|odd,64-95 -> 64-95,6,0.008718442642688328,0.00913487137436809,-0.00041642873167976185,0.9544132900603027,0.00041642873167976185,0.03739388131342503,64-95,0.01035843414664162,0.01093430125308194,0.8416757319942024,0.8354325679286856,0.0062431640655168374,0.0062431640655168374
transition,balanced|exhaustion_0_31|even,0-1 -> 0-1,0,0.038334516811367535,0.03963242019615154,-0.0012979033847840063,0.9672514729516811,0.0012979033847840063,0.04060572915454971,0-1,0.038334516811367535,0.03963242019615154,1.0,1.0,0.0,0.0
transition,balanced|exhaustion_0_31|even,2-3 -> 0-1,1,0.038334516811367535,0.03963242019615154,-0.0012979033847840063,0.9672514729516811,0.0012979033847840063,0.04060572915454971,2-3,0.06681294811963324,0.06898469607692104,0.5737587981109127,0.5745103254779815,-0.0007515273670688494,0.0007515273670688494
transition,balanced|exhaustion_0_31|even,2-3 -> 2-3,1,0.028478431308269176,0.029352275880725406,-0.0008738445724562303,0.970229069254897,0.0008738445724562303,0.027338780719980933,2-3,0.06681294811963324,0.06898469607692104,0.42624120188913917,0.42548967452137937,0.0007515273677597967,0.0007515273677597967
transition,balanced|exhaustion_0_31|even,4-7 -> 2-3,2,0.038334516811367535,0.03963242019615154,-0.0012979033847840063,0.9672514729516811,0.0012979033847840063,0.04060572915454971,4-7,0.11814863985184021,0.12203018775562899,0.3244600772335549,0.3247755405860496,-0.0003154633524947159,0.0003154633524947159
transition,balanced|exhaustion_0_31|even,4-7 -> 4-7,2,0.07981412304045328,0.08239776755943,-0.0025836445189767188,0.9686442412761578,0.0025836445189767188,0.08083095459887756,4-7,0.11814863985184021,0.12203018775562899,0.6755399227662809,0.6752244594135616,0.00031546335271936954,0.00031546335271936954
transition,balanced|exhaustion_0_31|even,8-15 -> 4-7,3,0.038334516811367535,0.03963242019615154,-0.0012979033847840063,0.9672514729516811,0.0012979033847840063,0.04060572915454971,8-15,0.2114041162789645,0.21850151886720154,0.18133287793120403,0.18138281327114664,-4.99353399426028e-05,4.99353399426028e-05
transition,balanced|exhaustion_0_31|even,8-15 -> 8-15,3,0.17306959946758496,0.17886909867099474,-0.005799499203409775,0.9675768523098718,0.005799499203409775,0.1814410045050266,8-15,0.2114041162789645,0.21850151886720154,0.8186671220687392,0.8186171867286004,4.993534013875145e-05,4.993534013875145e-05
transition,balanced|exhaustion_0_31|even,16-31 -> 16-31,4,0.3114350188786005,0.32280368792411945,-0.011368669045518975,0.9647814771924434,0.011368669045518975,0.3556760091097848,16-31,0.34976953568990843,0.362436108120459,0.8904006412802806,0.8906499123338799,-0.00024927105359928703,0.00024927105359928703
transition,balanced|exhaustion_0_31|even,16-31 -> 8-15,4,0.038334516811367535,0.03963242019615154,-0.0012979033847840063,0.9672514729516811,0.0012979033847840063,0.04060572915454971,16-31,0.34976953568990843,0.362436108120459,0.1095993587198897,0.1093500876656013,0.00024927105428840246,0.00024927105428840246
transition,balanced|exhaustion_0_31|even,32-63 -> 16-31,5,0.020553629821538327,0.020934452041710384,-0.0003808222201720571,0.9818088278874796,0.0003808222201720571,0.011914264273926873,32-63,0.12070896260741852,0.12555734156102766,0.17027426445859575,0.16673220204758085,0.0035420624110149013,0.0035420624110149013
transition,balanced|exhaustion_0_31|even,32-63 -> 32-63,5,0.1001553327858736,0.10462288951934254,-0.004467556733468936,0.9572984769012427,0.004467556733468936,0.13977034101965455,32-63,0.12070896260741852,0.12555734156102766,0.8297257355413497,0.8332677979526204,-0.003542062411270752,0.003542062411270752
transition,balanced|exhaustion_0_31|odd,0-1 -> 0-1,0,0.02593573052883089,0.026350209046775146,-0.0004144785179442563,0.9842703897639483,0.0004144785179442563,0.044651593229529614,0-1,0.02593573052883089,0.026350209046775146,1.0,1.0,0.0,0.0
transition,balanced|exhaustion_0_31|odd,2-3 -> 0-1,1,0.02593573052883089,0.026350209046775146,-0.0004144785179442563,0.9842703897639483,0.0004144785179442563,0.044651593229529614,2-3,0.04541576095224017,0.04584846019894689,0.5710733451346385,0.5747239696259285,-0.0036506244912900554,0.0036506244912900554
transition,balanced|exhaustion_0_31|odd,2-3 -> 2-3,1,0.019480030423402135,0.019498251152187347,-1.822072878521208e-05,0.9990655198436518,1.822072878521208e-05,0.001962911308644206,2-3,0.04541576095224017,0.04584846019894689,0.42892665486520415,0.4252760303744118,0.0036506244907923424,0.0036506244907923424
transition,balanced|exhaustion_0_31|odd,4-7 -> 2-3,2,0.02593573052883089,0.026350209046775146,-0.0004144785179442563,0.9842703897639483,0.0004144785179442563,0.044651593229529614,4-7,0.07954981595870102,0.08113539666821096,0.3260313077568357,0.3247683517778279,0.0012629559790077738,0.0012629559790077738
transition,balanced|exhaustion_0_31|odd,4-7 -> 4-7,2,0.05361408542991271,0.05478518762142912,-0.001171102191516414,0.9786237440746057,0.001171102191516414,0.12616233754443787,4-7,0.07954981595870102,0.08113539666821096,0.6739686922436996,0.6752316482220896,-0.0012629559783899902,0.0012629559783899902
transition,balanced|exhaustion_0_31|odd,8-15 -> 4-7,3,0.02593573052883089,0.026350209046775146,-0.0004144785179442563,0.9842703897639483,0.0004144785179442563,0.044651593229529614,8-15,0.14234409663079436,0.14520060410281183,0.1822044689081965,0.18147451389470404,0.0007299550134924615,0.0007299550134924615
transition,balanced|exhaustion_0_31|odd,8-15 -> 8-15,3,0.11640836610190876,0.11885039505588456,-0.0024420289539758,0.979452916813381,0.0024420289539758,0.2630787333647195,8-15,0.14234409663079436,0.14520060410281183,0.8177955310914191,0.8185254861042482,-0.000729955012829131,0.000729955012829131
transition,balanced|exhaustion_0_31|odd,16-31 -> 16-31,4,0.21350851019026745,0.2153202706530982,-0.0018117604628307415,0.9915857412897754,0.0018117604628307415,0.19518017873858215,16-31,0.23944424071911943,0.24167047969987365,0.8916836318511584,0.8909663725602758,0.0007172592908826214,0.0007172592908826214
transition,balanced|exhaustion_0_31|odd,16-31 -> 8-15,4,0.02593573052883089,0.026350209046775146,-0.0004144785179442563,0.9842703897639483,0.0004144785179442563,0.044651593229529614,16-31,0.23944424071911943,0.24167047969987365,0.10831636814875348,0.10903362743972292,-0.0007172592909694409,0.0007172592909694409
transition,balanced|exhaustion_0_31|odd,32-63 -> 16-31,5,0.01405438573956366,0.014055387539266283,-1.00179970262404e-06,0.9999287248608532,1.00179970262404e-06,0.00010792345292319448,32-63,0.08327392121547714,0.08504091861309014,0.1687729547789271,0.16527793641569122,0.0034950183632358744,0.0034950183632358744
transition,balanced|exhaustion_0_31|odd,32-63 -> 32-63,5,0.06921953547595118,0.07098553107388594,-0.0017659955979347636,0.9751217526837038,0.0017659955979347636,0.19024994944304502,32-63,0.08327392121547714,0.08504091861309014,0.8312270452215257,0.8347220635850389,-0.0034950183635131804,0.0034950183635131804
transition,balanced|tail_64_95|even,0-1 -> 0-1,0,0.0006081826984882349,0.0008809446786064698,-0.0002727619801182349,0.6903755857295082,0.0002727619801182349,0.015322248574630765,0-1,0.0006081826984882349,0.0008809446786064698,1.0,1.0,0.0,0.0
transition,balanced|tail_64_95|even,2-3 -> 0-1,1,0.0006081826984882349,0.0008809446786064698,-0.0002727619801182349,0.6903755857295082,0.0002727619801182349,0.015322248574630765,2-3,0.0010215532541275004,0.0015506547356107568,0.595350948206492,0.5681114295630044,0.027239518643487615,0.027239518643487615
transition,balanced|tail_64_95|even,2-3 -> 2-3,1,0.0004133705556392677,0.0006697100570043027,-0.00025633950136503495,0.6172380888056634,0.00025633950136503495,0.01439972520257192,2-3,0.0010215532541275004,0.0015506547356107568,0.4046490517935101,0.4318885704370056,-0.027239518643495553,0.027239518643495553
transition,balanced|tail_64_95|even,4-7 -> 2-3,2,0.0006081826984882349,0.0008809446786064698,-0.0002727619801182349,0.6903755857295082,0.0002727619801182349,0.015322248574630765,4-7,0.0017717146039009078,0.0027733526247188385,0.3432735143398133,0.31764611205752447,0.025627402282288825,0.025627402282288825
transition,balanced|tail_64_95|even,4-7 -> 4-7,2,0.0011635319054126704,0.0018924079461124443,-0.0007288760406997739,0.6148420100448758,0.0007288760406997739,0.04094419563479336,4-7,0.0017717146039009078,0.0027733526247188385,0.6567264856601853,0.6823538879425027,-0.025627402282317413,0.025627402282317413
transition,balanced|tail_64_95|even,8-15 -> 4-7,3,0.0006081826984882349,0.0008809446786064698,-0.0002727619801182349,0.6903755857295082,0.0002727619801182349,0.015322248574630765,8-15,0.0036426762759685675,0.005087140387943317,0.16696040285010572,0.1731708998427361,-0.006210496992630377,0.006210496992630377
transition,balanced|tail_64_95|even,8-15 -> 8-15,3,0.0030344935774803297,0.0042061957093369505,-0.0011717021318566208,0.7214342334914027,0.0011717021318566208,0.06581969859563915,8-15,0.0036426762759685675,0.005087140387943317,0.8330395971498935,0.8268291001572843,0.006210496992609227,0.006210496992609227
transition,balanced|tail_64_95|even,16-31 -> 16-31,4,0.006045232492685409,0.008662914816005661,-0.002617682323320252,0.6978289202978419,0.002617682323320252,0.14704681066600198,16-31,0.0066534151911736535,0.009543859494613153,0.908590899408314,0.907695133283896,0.000895766124417996,0.000895766124417996
transition,balanced|tail_64_95|even,16-31 -> 8-15,4,0.0006081826984882349,0.0008809446786064698,-0.0002727619801182349,0.6903755857295082,0.0002727619801182349,0.015322248574630765,16-31,0.0066534151911736535,0.009543859494613153,0.0914091005916846,0.09230486671599702,-0.0008957661243124276,0.0008957661243124276
transition,balanced|tail_64_95|even,32-63 -> 16-31,5,0.0006081826984882349,0.0008809446786064698,-0.0002727619801182349,0.6903755857295082,0.0002727619801182349,0.015322248574630765,32-63,0.012099107933043893,0.017531564219302118,0.050266738825200996,0.050249063208892476,1.7675616308519826e-05,1.7675616308519826e-05
transition,balanced|tail_64_95|even,32-63 -> 32-63,5,0.011490925234555699,0.01665061954069409,-0.00515969430613839,0.6901199806092437,0.00515969430613839,0.2898428831374881,32-63,0.012099107933043893,0.017531564219302118,0.9497332611748023,0.9497509367910186,-1.7675616216350498e-05,1.7675616216350498e-05
transition,balanced|tail_64_95|even,64-95 -> 32-63,6,0.0006081826984882349,0.0008809446786064698,-0.0002727619801182349,0.6903755857295082,0.0002727619801182349,0.015322248574630765,64-95,0.011115739029645475,0.016416506953005214,0.05471365393396,0.05366212685367904,0.001051527080280959,0.001051527080280959
transition,balanced|tail_64_95|even,64-95 -> 64-95,6,0.010507556331157315,0.01553556227439581,-0.005028005943238495,0.6763550713883616,0.005028005943238495,0.2824453645028759,64-95,0.011115739029645475,0.016416506953005214,0.9452863460660467,0.9463378731461422,-0.0010515270800954823,0.0010515270800954823
transition,balanced|tail_64_95|even,96-127 -> 64-95,7,0.00027310276031494143,0.00042794573965085965,-0.00015484297933591822,0.6381714666390951,0.00015484297933591822,0.008698215999139327,96-127,0.0016510959267616273,0.0025811557932566066,0.165406961454136,0.16579616804568265,-0.00038920659154664805,0.00038920659154664805
transition,balanced|tail_64_95|even,96-127 -> 96-127,7,0.0013779931664466842,0.002153210053605841,-0.0007752168871591569,0.6399715458039259,0.0007752168871591569,0.04354736623907508,96-127,0.0016510959267616273,0.0025811557932566066,0.834593038545863,0.8342038319543539,0.00038920659150909476,0.00038920659150909476
transition,balanced|tail_64_95|odd,0-1 -> 0-1,0,0.0005679587662220008,0.0005765913683382402,-8.632602116239417e-06,0.9850282147977364,8.632602116239417e-06,0.008994373519736186,0-1,0.0005679587662220008,0.0005765913683382402,1.0,1.0,0.0,0.0
transition,balanced|tail_64_95|odd,2-3 -> 0-1,1,0.0005679587662220008,0.0005765913683382402,-8.632602116239417e-06,0.9850282147977364,8.632602116239417e-06,0.008994373519736186,2-3,0.0010498661756515484,0.0010147507790838177,0.5409820598035029,0.568209830653024,-0.027227770849521105,0.027227770849521105
transition,balanced|tail_64_95|odd,2-3 -> 2-3,1,0.0004819074094295508,0.00043815941074558086,4.374799868396995e-05,1.0998449368222571,4.374799868396995e-05,0.04558137113308373,2-3,0.0010498661756515484,0.0010147507790838177,0.45901794019650016,0.43179016934697934,0.027227770849520827,0.027227770849520827
transition,balanced|tail_64_95|odd,4-7 -> 2-3,2,0.0005679587662220008,0.0005765913683382402,-8.632602116239417e-06,0.9850282147977364,8.632602116239417e-06,0.008994373519736186,4-7,0.001778230357170102,0.0018175892740553948,0.3193954956015133,0.3172286371671598,0.0021668584343534913,0.0021668584343534913
transition,balanced|tail_64_95|odd,4-7 -> 4-7,2,0.0012102715909481025,0.0012409979057171566,-3.0726314769054155e-05,0.9752406393052712,3.0726314769054155e-05,0.03201398004872381,4-7,0.001778230357170102,0.0018175892740553948,0.6806045043984873,0.6827713628328413,-0.0021668584343540465,0.0021668584343540465
transition,balanced|tail_64_95|odd,8-15 -> 4-7,3,0.0005679587662220008,0.0005765913683382402,-8.632602116239417e-06,0.9850282147977364,8.632602116239417e-06,0.008994373519736186,8-15,0.00340855461359024,0.0033259858125036265,0.16662745081375366,0.17335953934939147,-0.006732088535637809,0.006732088535637809
transition,balanced|tail_64_95|odd,8-15 -> 8-15,3,0.00284059584736824,0.002749394444165379,9.120140320286081e-05,1.033171451043121,9.120140320286081e-05,0.09502343266666596,8-15,0.00340855461359024,0.0033259858125036265,0.8333725491862465,0.8266404606506064,0.006732088535640113,0.006732088535640113
transition,balanced|tail_64_95|odd,16-31 -> 16-31,4,0.005765786468982853,0.0056684644375997436,9.732203138310917e-05,1.0171690291884974,9.732203138310917e-05,0.10140056151927647,16-31,0.00633374523520487,0.006245055805937921,0.9103281320718221,0.9076723433295916,0.0026557887422304916,0.0026557887422304916
transition,balanced|tail_64_95|odd,16-31 -> 8-15,4,0.0005679587662220008,0.0005765913683382402,-8.632602116239417e-06,0.9850282147977364,8.632602116239417e-06,0.008994373519736186,16-31,0.00633374523520487,0.006245055805937921,0.08967186792817532,0.09232765667041852,-0.0026557887422432036,0.0026557887422432036
transition,balanced|tail_64_95|odd,32-63 -> 16-31,5,0.0005679587662220008,0.0005765913683382402,-8.632602116239417e-06,0.9850282147977364,8.632602116239417e-06,0.008994373519736186,32-63,0.010943974286316598,0.011474927956814077,0.051896939024439,0.05024792926877131,0.001649009755667695,0.001649009755667695
transition,balanced|tail_64_95|odd,32-63 -> 32-63,5,0.010376015520094843,0.010898336588475362,-0.0005223210683805192,0.9520733220028406,0.0005223210683805192,0.5442102766910105,32-63,0.010943974286316598,0.011474927956814077,0.9481030609755835,0.9497520707311873,-0.0016490097556037808,0.0016490097556037808
transition,balanced|tail_64_95|odd,64-95 -> 32-63,6,0.0005679587662220008,0.0005765913683382402,-8.632602116239417e-06,0.9850282147977364,8.632602116239417e-06,0.008994373519736186,64-95,0.010725413042305745,0.010819297494774114,0.05295448893033039,0.05329286569823435,-0.00033837676790395704,0.00033837676790395704
transition,balanced|tail_64_95|odd,64-95 -> 64-95,6,0.010157454276083992,0.010242706126435939,-8.525185035194657e-05,0.9916768235562362,8.525185035194657e-05,0.08882454849524472,64-95,0.010725413042305745,0.010819297494774114,0.9470455110696927,0.9467071343017717,0.00033837676792103366,0.00033837676792103366
transition,balanced|tail_64_95|odd,96-127 -> 64-95,7,0.00028719039559364356,0.0002834898003934473,3.70059520019624e-06,1.013053715495444,3.70059520019624e-06,0.0038556781637478607,96-127,0.0017168485939502702,0.0016880694434915939,0.1672776484808434,0.1679372856883651,-0.0006596372075217127,0.0006596372075217127
transition,balanced|tail_64_95|odd,96-127 -> 96-127,7,0.0014296581983566274,0.0014045796430981424,2.5078555258485017e-05,1.0178548474497098,2.5078555258485017e-05,0.026129536644093662,96-127,0.0017168485939502702,0.0016880694434915939,0.8327223515191571,0.8320627143116325,0.0006596372075245993,0.0006596372075245993
transition,early_growth|deep_32_63|even,0-1 -> 0-1,0,0.008315030127763905,0.008913649497693908,-0.0005986193699300032,0.9328423929968443,0.0005986193699300032,0.023849385364102596,0-1,0.008315030127763905,0.008913649497693908,1.0,1.0,0.0,0.0
transition,early_growth|deep_32_63|even,2-3 -> 0-1,1,0.008315030127763905,0.008913649497693908,-0.0005986193699300032,0.9328423929968443,0.0005986193699300032,0.023849385364102596,2-3,0.014481029969453352,0.015659578378428927,0.574201568901096,0.5692138882852977,0.00498768061579824,0.00498768061579824
transition,early_growth|deep_32_63|even,2-3 -> 2-3,1,0.00616599984169016,0.006745928880736571,-0.0005799290390464109,0.9140327374777941,0.0005799290390464109,0.02310475041539136,2-3,0.014481029969453352,0.015659578378428927,0.42579843109895327,0.4307861117148013,-0.004987680615848034,0.004987680615848034
transition,early_growth|deep_32_63|even,4-7 -> 2-3,2,0.008315030127763905,0.008913649497693908,-0.0005986193699300032,0.9328423929968443,0.0005986193699300032,0.023849385364102596,4-7,0.02547724007368009,0.02786219172716934,0.32637091394973966,0.31991917882762666,0.006451735122113,0.006451735122113
transition,early_growth|deep_32_63|even,4-7 -> 4-7,2,0.017162209945917054,0.018948542229491064,-0.0017863322835740096,0.9057271919950758,0.0017863322835740096,0.07116864097510832,4-7,0.02547724007368009,0.02786219172716934,0.6736290860502944,0.6800808211729343,-0.006451735122639968,0.006451735122639968
transition,early_growth|deep_32_63|even,8-15 -> 4-7,3,0.008315030127763905,0.008913649497693908,-0.0005986193699300032,0.9328423929968443,0.0005986193699300032,0.023849385364102596,8-15,0.0472274934351378,0.05053814147816904,0.1760633377501552,0.1763746991278723,-0.0003113613777170898,0.0003113613777170898
transition,early_growth|deep_32_63|even,8-15 -> 8-15,3,0.038912463307377965,0.04162449198048537,-0.0027120286731074084,0.9348453628123827,0.0027120286731074084,0.1080489877081617,8-15,0.0472274934351378,0.05053814147816904,0.8239366622499309,0.8236253008723303,0.0003113613776005719,0.0003113613776005719
transition,early_growth|deep_32_63|even,16-31 -> 16-31,4,0.07806177163719856,0.08354879477016548,-0.005487023132966923,0.9343255262022488,0.005487023132966923,0.2186065733475605,16-31,0.08637680176497528,0.09246244426787881,0.9037353785058946,0.9035970812983375,0.00013829720755709207,0.00013829720755709207
transition,early_growth|deep_32_63|even,16-31 -> 8-15,4,0.008315030127763905,0.008913649497693908,-0.0005986193699300032,0.9328423929968443,0.0005986193699300032,0.023849385364102596,16-31,0.08637680176497528,0.09246244426787881,0.09626462149395702,0.09640291870145255,-0.0001382972074955302,0.0001382972074955302
transition,early_growth|deep_32_63|even,32-63 -> 16-31,5,0.008315030127763905,0.008913649497693908,-0.0005986193699300032,0.9328423929968443,0.0005986193699300032,0.023849385364102596,32-63,0.1547598678531107,0.16601316570470973,0.053728594131755535,0.05369242529564648,3.616883610905314e-05,3.616883610905314e-05
transition,early_growth|deep_32_63|even,32-63 -> 32-63,5,0.14644483772533842,0.1570995162070679,-0.01065467848172949,0.9321787950786182,0.01065467848172949,0.424489326282728,32-63,0.1547598678531107,0.16601316570470973,0.9462714058681905,0.9463075747046673,-3.616883647683533e-05,3.616883647683533e-05
transition,early_growth|deep_32_63|even,64-95 -> 32-63,6,0.0038186641752720133,0.003969626686144248,-0.00015096251087223442,0.9619706025760154,0.00015096251087223442,0.006014444700888043,64-95,0.02539534071087678,0.025683624381327097,0.15036869238129522,0.1545586645874757,-0.004189972206180476,0.004189972206180476
transition,early_growth|deep_32_63|even,64-95 -> 64-95,6,0.02157667653560414,0.021713997695180638,-0.00013732115957649713,0.9936759153471323,0.00013732115957649713,0.005470964385546458,64-95,0.02539534071087678,0.025683624381327097,0.8496313076186801,0.8454413354124382,0.004189972206241954,0.004189972206241954
transition,early_growth|deep_32_63|odd,0-1 -> 0-1,0,0.005864525008201746,0.005793986827592602,7.053818060914416e-05,1.0121743771099412,7.053818060914416e-05,0.025577637710626662,0-1,0.005864525008201746,0.005793986827592602,1.0,1.0,0.0,0.0
transition,early_growth|deep_32_63|odd,2-3 -> 0-1,1,0.005864525008201746,0.005793986827592602,7.053818060914416e-05,1.0121743771099412,7.053818060914416e-05,0.025577637710626662,2-3,0.010495406603812022,0.010171130237700778,0.5587706345813892,0.5696502445830793,-0.010879610001690132,0.010879610001690132
transition,early_growth|deep_32_63|odd,2-3 -> 2-3,1,0.004630881595611575,0.004377143410110887,0.0002537381855006876,1.0579688992859066,0.0002537381855006876,0.0920072409869761,2-3,0.010495406603812022,0.010171130237700778,0.4412293654187346,0.43034975541718723,0.010879610001547357,0.010879610001547357
transition,early_growth|deep_32_63|odd,4-7 -> 2-3,2,0.005864525008201746,0.005793986827592602,7.053818060914416e-05,1.0121743771099412,7.053818060914416e-05,0.025577637710626662,4-7,0.018261091107129816,0.018109382510753128,0.32114866377902335,0.31994391990738524,0.0012047438716381031,0.0012047438716381031
transition,early_growth|deep_32_63|odd,4-7 -> 4-7,2,0.012396566098926805,0.012315395683170171,8.117041575663418e-05,1.0065909709963732,8.117041575663418e-05,0.02943296054867329,4-7,0.018261091107129816,0.018109382510753128,0.6788513362209074,0.6800560800931473,-0.0012047438722398995,0.0012047438722398995
transition,early_growth|deep_32_63|odd,8-15 -> 4-7,3,0.005864525008201746,0.005793986827592602,7.053818060914416e-05,1.0121743771099412,7.053818060914416e-05,0.025577637710626662,8-15,0.03352295187711829,0.032861554957513944,0.17494059084351357,0.17631505371804632,-0.0013744628745327447,0.0013744628745327447
transition,early_growth|deep_32_63|odd,8-15 -> 8-15,3,0.02765842686891625,0.027067568129915554,0.0005908587390006971,1.0218290293448147,0.0005908587390006971,0.21424951187865507,8-15,0.03352295187711829,0.032861554957513944,0.8250594091564777,0.8236849462817776,0.0013744628747001109,0.0013744628747001109
transition,early_growth|deep_32_63|odd,16-31 -> 16-31,4,0.055198149269832984,0.05435685601190512,0.0008412932579278665,1.0154772243954582,0.0008412932579278665,0.3050588202565896,16-31,0.06106267427803623,0.06015084283948809,0.9039589229010779,0.9036757166804101,0.00028320622066779766,0.00028320622066779766
transition,early_growth|deep_32_63|odd,16-31 -> 8-15,4,0.005864525008201746,0.005793986827592602,7.053818060914416e-05,1.0121743771099412,7.053818060914416e-05,0.025577637710626662,16-31,0.06106267427803623,0.06015084283948809,0.09604107709889756,0.09632428331974993,-0.00028320622085237224,0.00028320622085237224
transition,early_growth|deep_32_63|odd,32-63 -> 16-31,5,0.005864525008201746,0.005793986827592602,7.053818060914416e-05,1.0121743771099412,7.053818060914416e-05,0.025577637710626662,32-63,0.10901424530137821,0.10867446732058124,0.05379595108867487,0.05331506995567589,0.0004808811329989754,0.0004808811329989754
transition,early_growth|deep_32_63|odd,32-63 -> 32-63,5,0.10314972029318427,0.10288048049298604,0.00026923980019823157,1.0026170153843381,0.00026923980019823157,0.09762823491167773,32-63,0.10901424530137821,0.10867446732058124,0.9462040489113968,0.9466849300443002,-0.0004808811329034546,0.0004808811329034546
transition,early_growth|deep_32_63|odd,64-95 -> 32-63,6,0.002717883902788165,0.0026614540899424313,5.642981284573363e-05,1.0212026249331072,5.642981284573363e-05,0.0204618448701459,64-95,0.01760059434175322,0.017302317125332655,0.15442000707559247,0.15382067446017073,0.0005993326154217493,0.0005993326154217493
transition,early_growth|deep_32_63|odd,64-95 -> 64-95,6,0.014882710438964521,0.014640863035389438,0.00024184740357508297,1.016518657608537,0.00024184740357508297,0.08769556028352234,64-95,0.01760059434175322,0.017302317125332655,0.8455799929243772,0.8461793255397839,-0.000599332615406678,0.000599332615406678
transition,early_growth|exhaustion_0_31|even,0-1 -> 0-1,0,0.0614565146088438,0.061897240588951484,-0.00044072598010768543,0.9928797152197063,0.00044072598010768543,0.02486640224592762,0-1,0.0614565146088438,0.061897240588951484,1.0,1.0,0.0,0.0
transition,early_growth|exhaustion_0_31|even,2-3 -> 0-1,1,0.0614565146088438,0.061897240588951484,-0.00044072598010768543,0.9928797152197063,0.00044072598010768543,0.02486640224592762,2-3,0.10683302862051018,0.10766688392575334,0.5752576277430851,0.574895811340055,0.0003618164030301241,0.0003618164030301241
transition,early_growth|exhaustion_0_31|even,2-3 -> 2-3,1,0.045376514011614896,0.04576964333675597,-0.0003931293251410728,0.9914106972114994,0.0003931293251410728,0.02218092959085239,2-3,0.10683302862051018,0.10766688392575334,0.424742372256433,0.4251041886595189,-0.0003618164030858573,0.0003618164030858573
transition,early_growth|exhaustion_0_31|even,4-7 -> 2-3,2,0.0614565146088438,0.061897240588951484,-0.00044072598010768543,0.9928797152197063,0.00044072598010768543,0.02486640224592762,4-7,0.1873701014102507,0.18836111961867003,0.32799531059805265,0.32860943231947287,-0.0006141217214202244,0.0006141217214202244
transition,early_growth|exhaustion_0_31|even,4-7 -> 4-7,2,0.12591358680132322,0.12646387902955625,-0.0005502922282330236,0.9956486213102446,0.0005502922282330236,0.031048289680374014,4-7,0.1873701014102507,0.18836111961867003,0.6720046894015007,0.6713905676796655,0.0006141217218351702,0.0006141217218351702
transition,early_growth|exhaustion_0_31|even,8-15 -> 4-7,3,0.0614565146088438,0.061897240588951484,-0.00044072598010768543,0.9928797152197063,0.00044072598010768543,0.02486640224592762,8-15,0.3261606302314027,0.3282313253259499,0.18842407363893662,0.1885781027374047,-0.000154029098468067,0.000154029098468067
transition,early_growth|exhaustion_0_31|even,8-15 -> 8-15,3,0.2647041156230889,0.26633408473723336,-0.0016299691141444805,0.9938799830455324,0.0016299691141444805,0.09196523343337201,8-15,0.3261606302314027,0.3282313253259499,0.8115759263626883,0.811421897263311,0.00015402909937722864,0.00015402909937722864
transition,early_growth|exhaustion_0_31|even,16-31 -> 16-31,4,0.49942933496183195,0.5072033885493398,-0.007774053587507823,0.9846727096801492,0.007774053587507823,0.4386234356802221,16-31,0.5608858495716113,0.5691006291361852,0.8904295505819624,0.8912367384292006,-0.000807187847238211,0.000807187847238211
transition,early_growth|exhaustion_0_31|even,16-31 -> 8-15,4,0.0614565146088438,0.061897240588951484,-0.00044072598010768543,0.9928797152197063,0.00044072598010768543,0.02486640224592762,16-31,0.5608858495716113,0.5691006291361852,0.10957044941636974,0.1087632615745001,0.0008071878418696443,0.0008071878418696443
transition,early_growth|exhaustion_0_31|even,32-63 -> 16-31,5,0.031643212425707945,0.03236827997917292,-0.0007250675534649781,0.9775994413687871,0.0007250675534649781,0.040909368300741954,32-63,0.21062728947425674,0.21579996866853446,0.15023320342151314,0.14999205133755195,0.00024115208396119359,0.00024115208396119359
transition,early_growth|exhaustion_0_31|even,32-63 -> 32-63,5,0.17898407704852143,0.18343168868945053,-0.0044476116409291055,0.975753308096842,0.0044476116409291055,0.25094073208479944,32-63,0.21062728947425674,0.21579996866853446,0.849766796578357,0.8500079486628604,-0.00024115208450348202,0.00024115208450348202
transition,early_growth|exhaustion_0_31|odd,0-1 -> 0-1,0,0.04106988242269347,0.041233730568219856,-0.00016384814552638377,0.9960263564982241,0.00016384814552638377,0.029291600291662372,0-1,0.04106988242269347,0.041233730568219856,1.0,1.0,0.0,0.0
transition,early_growth|exhaustion_0_31|odd,2-3 -> 0-1,1,0.04106988242269347,0.041233730568219856,-0.00016384814552638377,0.9960263564982241,0.00016384814552638377,0.029291600291662372,2-3,0.07101510645744359,0.07167746789738356,0.5783259995153982,0.5752676786413796,0.003058320874018583,0.003058320874018583
transition,early_growth|exhaustion_0_31|odd,2-3 -> 2-3,1,0.0299452240347856,0.030443737329112687,-0.000498513294327086,0.9836250954034356,0.000498513294327086,0.08912064345066087,2-3,0.07101510645744359,0.07167746789738356,0.42167400048510145,0.4247323213579085,-0.003058320872807052,0.003058320872807052
transition,early_growth|exhaustion_0_31|odd,4-7 -> 2-3,2,0.04106988242269347,0.041233730568219856,-0.00016384814552638377,0.9960263564982241,0.00016384814552638377,0.029291600291662372,4-7,0.12519878131738565,0.12548407381546525,0.3280373977329628,0.32859732167173245,-0.0005599239387696353,0.0005599239387696353
transition,early_growth|exhaustion_0_31|odd,4-7 -> 4-7,2,0.08412889889473625,0.08425034324722057,-0.00012144435248431784,0.9985585298788878,0.00012144435248431784,0.021710953268479778,4-7,0.12519878131738565,0.12548407381546525,0.6719626022673891,0.6714026783280697,0.0005599239393194733,0.0005599239393194733
transition,early_growth|exhaustion_0_31|odd,8-15 -> 4-7,3,0.04106988242269347,0.041233730568219856,-0.00016384814552638377,0.9960263564982241,0.00016384814552638377,0.029291600291662372,8-15,0.2183525545060819,0.21871709262520236,0.18808977305346583,0.1885254146043297,-0.0004356415508638689,0.0004356415508638689
transition,early_growth|exhaustion_0_31|odd,8-15 -> 8-15,3,0.17728267208336662,0.17748336205693507,-0.00020068997356845197,0.9988692462705092,0.00020068997356845197,0.03587791896835834,8-15,0.2183525545060819,0.21871709262520236,0.8119102269464343,0.8114745853954535,0.00043564155098085866,0.00043564155098085866
transition,early_growth|exhaustion_0_31|odd,16-31 -> 16-31,4,0.3363095266944515,0.33843802637604115,-0.002128499681589624,0.9937108140465734,0.002128499681589624,0.3805179588316695,16-31,0.3773794091172287,0.37967175694447103,0.8911708444325342,0.8913963711700037,-0.0002255267374694503,0.0002255267374694503
transition,early_growth|exhaustion_0_31|odd,16-31 -> 8-15,4,0.04106988242269347,0.041233730568219856,-0.00016384814552638377,0.9960263564982241,0.00016384814552638377,0.029291600291662372,16-31,0.3773794091172287,0.37967175694447103,0.10882915556724392,0.10860362882944308,0.00022552673780083798,0.00022552673780083798
transition,early_growth|exhaustion_0_31|odd,32-63 -> 16-31,5,0.02134486806392715,0.021742335789508356,-0.0003974677255812048,0.9817191800628431,0.0003974677255812048,0.07105643893104704,32-63,0.14433115364912671,0.14615645609351716,0.14788815528917032,0.1487606936473383,-0.0008725383581679735,0.0008725383581679735
transition,early_growth|exhaustion_0_31|odd,32-63 -> 32-63,5,0.12298628558504349,0.12441412030408949,-0.0014278347190460061,0.9885235316091443,0.0014278347190460061,0.2552580850914726,32-63,0.14433115364912671,0.14615645609351716,0.8521118447097483,0.8512393063532138,0.0008725383565345579,0.0008725383565345579
transition,early_growth|tail_64_95|even,0-1 -> 0-1,0,0.0010642912864685032,0.0013009221359076006,-0.00023663084943909745,0.8181052940005439,0.00023663084943909745,0.01495093518269895,0-1,0.0010642912864685032,0.0013009221359076006,1.0,1.0,0.0,0.0
transition,early_growth|tail_64_95|even,2-3 -> 0-1,1,0.0010642912864685032,0.0013009221359076006,-0.00023663084943909745,0.8181052940005439,0.00023663084943909745,0.01495093518269895,2-3,0.0017743470966815928,0.002312446654798605,0.5998213587741399,0.5625739012002853,0.037247457573854614,0.037247457573854614
transition,early_growth|tail_64_95|even,2-3 -> 2-3,1,0.0007100558102130872,0.0010115245188909818,-0.00030146870867789463,0.7019659899016389,0.00030146870867789463,0.01904755501549767,2-3,0.0017743470966815928,0.002312446654798605,0.4001786412258587,0.4374260987997049,-0.03724745757384618,0.03724745757384618
transition,early_growth|tail_64_95|even,4-7 -> 2-3,2,0.0010642912864685032,0.0013009221359076006,-0.00023663084943909745,0.8181052940005439,0.00023663084943909745,0.01495093518269895,4-7,0.0032280265629291726,0.004063944374473845,0.32970338555787626,0.32011317479610674,0.009590210761769524,0.009590210761769524
transition,early_growth|tail_64_95|even,4-7 -> 4-7,2,0.0021637352764606616,0.0027630222385664847,-0.000599286962105823,0.7831045462678773,0.000599286962105823,0.03786446504130377,4-7,0.0032280265629291726,0.004063944374473845,0.6702966144421213,0.6798868252039524,-0.009590210761831086,0.009590210761831086
transition,early_growth|tail_64_95|even,8-15 -> 4-7,3,0.0010642912864685032,0.0013009221359076006,-0.00023663084943909745,0.8181052940005439,0.00023663084943909745,0.01495093518269895,8-15,0.006369938814640122,0.007550698961185311,0.16708029973889657,0.1722916173184822,-0.005211317579585623,0.005211317579585623
transition,early_growth|tail_64_95|even,8-15 -> 8-15,3,0.005305647528171608,0.006249776825277838,-0.0009441292971062295,0.84893391820207,0.0009441292971062295,0.05965247540031903,8-15,0.006369938814640122,0.007550698961185311,0.8329197002611017,0.8277083826815347,0.005211317579567054,0.005211317579567054
transition,early_growth|tail_64_95|even,16-31 -> 16-31,4,0.010609579670428767,0.01277059088402423,-0.0021610112135954634,0.8307822063034807,0.0021610112135954634,0.13653815071084757,16-31,0.01167387095689719,0.014071513019932069,0.9088313302076022,0.9075492355324475,0.0012820946751547213,0.0012820946751547213
transition,early_growth|tail_64_95|even,16-31 -> 8-15,4,0.0010642912864685032,0.0013009221359076006,-0.00023663084943909745,0.8181052940005439,0.00023663084943909745,0.01495093518269895,16-31,0.01167387095689719,0.014071513019932069,0.09116866979240469,0.09245076446753563,-0.0012820946751309348,0.0012820946751309348
transition,early_growth|tail_64_95|even,32-63 -> 16-31,5,0.0010642912864685032,0.0013009221359076006,-0.00023663084943909745,0.8181052940005439,0.00023663084943909745,0.01495093518269895,32-63,0.020643064701555986,0.025381389193885866,0.05155684496732123,0.05125496189235301,0.000301883074968215,0.000301883074968215
transition,early_growth|tail_64_95|even,32-63 -> 32-63,5,0.019578773415087434,0.024080467057974952,-0.004501693642887519,0.8130562155605429,0.004501693642887519,0.28442838297168693,32-63,0.020643064701555986,0.025381389193885866,0.9484431550326764,0.9487450381075164,-0.00030188307484002586,0.00030188307484002586
transition,early_growth|tail_64_95|even,64-95 -> 32-63,6,0.0010642912864685032,0.0013009221359076006,-0.00023663084943909745,0.8181052940005439,0.00023663084943909745,0.01495093518269895,64-95,0.019901054650543676,0.02471146200501735,0.05347913993288933,0.05264448277659431,0.0008346571562950211,0.0008346571562950211
transition,early_growth|tail_64_95|even,64-95 -> 64-95,6,0.01883676336407597,0.02341053986910561,-0.004573776505029641,0.8046274656371528,0.004573776505029641,0.2889827604006015,64-95,0.019901054650543676,0.02471146200501735,0.9465208600671507,0.9473555172232382,-0.0008346571560874372,0.0008346571560874372
transition,early_growth|tail_64_95|even,96-127 -> 64-95,7,0.000426764231920243,0.0006205421804360387,-0.0001937779485157957,0.6877279987967408,0.0001937779485157957,0.012243380586104387,96-127,0.0027861958563328037,0.0038755739923953857,0.15317093769637247,0.16011619998835286,-0.006945262291980392,0.006945262291980392
transition,early_growth|tail_64_95|even,96-127 -> 96-127,7,0.002359431624412579,0.003255031811959466,-0.0008956001875468872,0.7248567020892637,0.0008956001875468872,0.05658628359474652,96-127,0.0027861958563328037,0.0038755739923953857,0.8468290623036341,0.8398838000116778,0.0069452622919562446,0.0069452622919562446
transition,early_growth|tail_64_95|odd,0-1 -> 0-1,0,0.0008393957555294018,0.000849441873485283,-1.0046117955881165e-05,0.9881732720396021,1.0046117955881165e-05,0.005790685683549709,0-1,0.0008393957555294018,0.000849441873485283,1.0,1.0,0.0,0.0
transition,early_growth|tail_64_95|odd,2-3 -> 0-1,1,0.0008393957555294018,0.000849441873485283,-1.0046117955881165e-05,0.9881732720396021,1.0046117955881165e-05,0.005790685683549709,2-3,0.0016131486594676953,0.0015110132652981282,0.520346187936817,0.5621670523969127,-0.0418208644600957,0.0418208644600957
transition,early_growth|tail_64_95|odd,2-3 -> 2-3,1,0.0007737529039382921,0.0006615713918128638,0.00011218151212542826,1.1695682635520621,0.00011218151212542826,0.06466257703488185,2-3,0.0016131486594676953,0.0015110132652981282,0.47965381206318214,0.43783294760309965,0.041820864460082485,0.041820864460082485
transition,early_growth|tail_64_95|odd,4-7 -> 2-3,2,0.0008393957555294018,0.000849441873485283,-1.0046117955881165e-05,0.9881732720396021,1.0046117955881165e-05,0.005790685683549709,4-7,0.0025875996828079208,0.002652541410944115,0.3243916596165817,0.3202369885652199,0.004154671051361747,0.004154671051361747
transition,early_growth|tail_64_95|odd,4-7 -> 4-7,2,0.0017482039272785166,0.001803099537459006,-5.489561018048937e-05,0.9695548642545545,5.489561018048937e-05,0.03164239414248479,4-7,0.0025875996828079208,0.002652541410944115,0.6756083403834174,0.6797630114348456,-0.004154671051428194,0.004154671051428194
transition,early_growth|tail_64_95|odd,8-15 -> 4-7,3,0.0008393957555294018,0.000849441873485283,-1.0046117955881165e-05,0.9881732720396021,1.0046117955881165e-05,0.005790685683549709,8-15,0.0050434493422508225,0.004928179666296398,0.16643287134808238,0.17236422594220302,-0.005931354594120641,0.005931354594120641
transition,early_growth|tail_64_95|odd,8-15 -> 8-15,3,0.004204053586721419,0.00407873779281122,0.00012531579391019884,1.0307241603348634,0.00012531579391019884,0.0722333121017794,8-15,0.0050434493422508225,0.004928179666296398,0.8335671286519173,0.8276357740578183,0.005931354594098992,0.005931354594098992
transition,early_growth|tail_64_95|odd,16-31 -> 16-31,4,0.008565104907751322,0.008348815472797073,0.00021628943495424942,1.0259066014405258,0.00021628943495424942,0.1246714541868797,16-31,0.009404500663280387,0.009198257346284088,0.9107453138042233,0.907651869097773,0.0030934447064503434,0.0030934447064503434
transition,early_growth|tail_64_95|odd,16-31 -> 8-15,4,0.0008393957555294018,0.000849441873485283,-1.0046117955881165e-05,0.9881732720396021,1.0046117955881165e-05,0.005790685683549709,16-31,0.009404500663280387,0.009198257346284088,0.08925468619581253,0.09234813090203879,-0.0030934447062262588,0.0030934447062262588
transition,early_growth|tail_64_95|odd,32-63 -> 16-31,5,0.0008393957555294018,0.000849441873485283,-1.0046117955881165e-05,0.9881732720396021,1.0046117955881165e-05,0.005790685683549709,32-63,0.01568190064429994,0.01657090554168206,0.0535264043924743,0.05126104130812991,0.002265363084344392,0.002265363084344392
transition,early_growth|tail_64_95|odd,32-63 -> 32-63,5,0.014842504888770666,0.015721463668193224,-0.0008789587794225586,0.9440917971778405,0.0008789587794225586,0.5066408778778969,32-63,0.01568190064429994,0.01657090554168206,0.946473595607534,0.9487389586916557,-0.00226536308412173,0.00226536308412173
transition,early_growth|tail_64_95|odd,64-95 -> 32-63,6,0.0008393957555294018,0.000849441873485283,-1.0046117955881165e-05,0.9881732720396021,1.0046117955881165e-05,0.005790685683549709,64-95,0.01632006034254771,0.01624419099567198,0.051433373278714514,0.05229203927186056,-0.0008586659931460461,0.0008586659931460461
transition,early_growth|tail_64_95|odd,64-95 -> 64-95,6,0.015480664587018435,0.015394749122183457,8.591546483497844e-05,1.005580829161495,8.591546483497844e-05,0.04952255731022726,64-95,0.01632006034254771,0.01624419099567198,0.9485666267212933,0.94770796072794,0.0008586659933533802,0.0008586659933533802
transition,early_growth|tail_64_95|odd,96-127 -> 64-95,7,0.00039101809263229433,0.0004108915356837151,-1.987344305142075e-05,0.9516333598394726,1.987344305142075e-05,0.011455256912779162,96-127,0.0023387627303600267,0.002529758677182179,0.16719015039721513,0.16242321427330558,0.004766936123909549,0.004766936123909549
transition,early_growth|tail_64_95|odd,96-127 -> 96-127,7,0.0019477446377277321,0.002118867141498617,-0.00017112250377088493,0.9192386816429393,0.00017112250377088493,0.09863677064822292,96-127,0.0023387627303600267,0.002529758677182179,0.8328098496027848,0.837576785726755,-0.004766936123970167,0.004766936123970167
transition,late_growth|deep_32_63|even,0-1 -> 0-1,0,0.01428150123953783,0.01723407937665942,-0.0029525781371215875,0.8286779309418556,0.0029525781371215875,0.02157055411125672,0-1,0.01428150123953783,0.01723407937665942,1.0,1.0,0.0,0.0
transition,late_growth|deep_32_63|even,2-3 -> 0-1,1,0.01428150123953783,0.01723407937665942,-0.0029525781371215875,0.8286779309418556,0.0029525781371215875,0.02157055411125672,2-3,0.02456528191566405,0.030300210753233903,0.5813693198624044,0.5687775414175972,0.012591778444807189,0.012591778444807189
transition,late_growth|deep_32_63|even,2-3 -> 2-3,1,0.010283780676126175,0.01306613137657854,-0.0027823507004523657,0.7870562739450317,0.0027823507004523657,0.0203269290610917,2-3,0.02456528191566405,0.030300210753233903,0.41863068013759386,0.4312224585825367,-0.012591778444942858,0.012591778444942858
transition,late_growth|deep_32_63|even,4-7 -> 2-3,2,0.01428150123953783,0.01723407937665942,-0.0029525781371215875,0.8286779309418556,0.0029525781371215875,0.02157055411125672,4-7,0.043389462584251186,0.05494144791993904,0.3291467648811466,0.3136808371299753,0.015465927751171282,0.015465927751171282
transition,late_growth|deep_32_63|even,4-7 -> 4-7,2,0.029107961344718443,0.03770736854330529,-0.008599407198586845,0.7719435873996141,0.008599407198586845,0.062824409613316,4-7,0.043389462584251186,0.05494144791993904,0.6708532351189707,0.6863191628704919,-0.015465927751521225,0.015465927751521225
transition,late_growth|deep_32_63|even,8-15 -> 4-7,3,0.01428150123953783,0.01723407937665942,-0.0029525781371215875,0.8286779309418556,0.0029525781371215875,0.02157055411125672,8-15,0.08473639770151674,0.10121858179859698,0.16854033953442654,0.17026596372345443,-0.0017256241890278856,0.0017256241890278856
transition,late_growth|deep_32_63|even,8-15 -> 8-15,3,0.07045489646195156,0.08398450242197321,-0.013529605960021646,0.838903540893256,0.013529605960021646,0.09884280242931648,8-15,0.08473639770151674,0.10121858179859698,0.8314596604652508,0.8297340362768977,0.001725624188353092,0.001725624188353092
transition,late_growth|deep_32_63|even,16-31 -> 16-31,4,0.14499664830580694,0.17323160799248039,-0.028234959686673444,0.8370103469344978,0.028234959686673444,0.20627522709501836,16-31,0.15927814954535452,0.19046568736915256,0.9103360926761589,0.9095160938711768,0.0008199988049820695,0.0008199988049820695
transition,late_growth|deep_32_63|even,16-31 -> 8-15,4,0.01428150123953783,0.01723407937665942,-0.0029525781371215875,0.8286779309418556,0.0029525781371215875,0.02157055411125672,16-31,0.15927814954535452,0.19046568736915256,0.08966390732377995,0.09048390612875616,-0.000819998804976213,0.000819998804976213
transition,late_growth|deep_32_63|even,32-63 -> 16-31,5,0.01428150123953783,0.01723407937665942,-0.0029525781371215875,0.8286779309418556,0.0029525781371215875,0.02157055411125672,32-63,0.25895869145416994,0.3156285934680087,0.05514972739219817,0.054602402105898624,0.0005473252862995479,0.0005473252862995479
transition,late_growth|deep_32_63|even,32-63 -> 32-63,5,0.24467719021462106,0.29839451409095136,-0.0537173238763303,0.8199788490080715,0.0537173238763303,0.39244090675137633,32-63,0.25895869145416994,0.3156285934680087,0.9448502726077591,0.9453975978928406,-0.0005473252850815014,0.0005473252850815014
transition,late_growth|deep_32_63|even,64-95 -> 32-63,6,0.007415547943115335,0.009483697317316695,-0.00206814937420136,0.7819258349351749,0.00206814937420136,0.015109211649810125,64-95,0.041873176246877614,0.054174092007416505,0.17709542498984168,0.17505964504247462,0.0020357799473670612,0.0020357799473670612
transition,late_growth|deep_32_63|even,64-95 -> 64-95,6,0.03445762830376525,0.044690394690102754,-0.010232766386337501,0.7710298497631377,0.010232766386337501,0.07475718873253055,64-95,0.041873176246877614,0.054174092007416505,0.8229045750102294,0.8249403549575797,-0.002035779947350269,0.002035779947350269
transition,late_growth|deep_32_63|odd,0-1 -> 0-1,0,0.011371811890601125,0.011253599216407882,0.00011821267419324238,1.010504432574859,0.00011821267419324238,0.006848995632080109,0-1,0.011371811890601125,0.011253599216407882,1.0,1.0,0.0,0.0
transition,late_growth|deep_32_63|odd,2-3 -> 0-1,1,0.011371811890601125,0.011253599216407882,0.00011821267419324238,1.010504432574859,0.00011821267419324238,0.006848995632080109,2-3,0.02151941149234747,0.019770891428188504,0.528444371940425,0.569200395302509,-0.04075602336208395,0.04075602336208395
transition,late_growth|deep_32_63|odd,2-3 -> 2-3,1,0.01014759960174476,0.00851729221178617,0.0016303073899585907,1.1914114661585267,0.0016303073899585907,0.09445660771129576,2-3,0.02151941149234747,0.019770891428188504,0.47155562805950124,0.4307996046977716,0.04075602336172962,0.04075602336172962
transition,late_growth|deep_32_63|odd,4-7 -> 2-3,2,0.011371811890601125,0.011253599216407882,0.00011821267419324238,1.010504432574859,0.00011821267419324238,0.006848995632080109,4-7,0.03392138108015119,0.035862428008386696,0.3352402387075933,0.31379914415655696,0.02144109455103632,0.02144109455103632
transition,late_growth|deep_32_63|odd,4-7 -> 4-7,2,0.02254956918954816,0.02460882879197357,-0.002059259602425409,0.9163202922076057,0.002059259602425409,0.119309203675361,4-7,0.03392138108015119,0.035862428008386696,0.6647597612923505,0.6862008558432968,-0.021441094550946338,0.021441094550946338
transition,late_growth|deep_32_63|odd,8-15 -> 4-7,3,0.011371811890601125,0.011253599216407882,0.00011821267419324238,1.010504432574859,0.00011821267419324238,0.006848995632080109,8-15,0.06937097916601231,0.066110734604274,0.16392751013917706,0.17022347858891207,-0.006295968449735012,0.006295968449735012
transition,late_growth|deep_32_63|odd,8-15 -> 8-15,3,0.05799916727543874,0.05485713538790187,0.003142031887536867,1.0572766307485646,0.003142031887536867,0.18204277012140038,8-15,0.06937097916601231,0.066110734604274,0.8360724898612201,0.8297765214116288,0.006295968449591238,0.006295968449591238
transition,late_growth|deep_32_63|odd,16-31 -> 16-31,4,0.11730760202994954,0.1131034383498211,0.0042041636801284366,1.0371709626291399,0.0042041636801284366,0.2435804695076894,16-31,0.12867941392054327,0.12435703756621054,0.9116267976040396,0.9095057309450801,0.002121066658959503,0.002121066658959503
transition,late_growth|deep_32_63|odd,16-31 -> 8-15,4,0.011371811890601125,0.011253599216407882,0.00011821267419324238,1.010504432574859,0.00011821267419324238,0.006848995632080109,16-31,0.12867941392054327,0.12435703756621054,0.08837320239601783,0.09049426905506822,-0.0021210666590503885,0.0021210666590503885
transition,late_growth|deep_32_63|odd,32-63 -> 16-31,5,0.011371811890601125,0.011253599216407882,0.00011821267419324238,1.010504432574859,0.00011821267419324238,0.006848995632080109,32-63,0.2039536329389166,0.20775354922603018,0.05575684888146583,0.05416802388374253,0.0015888249977232954,0.0015888249977232954
transition,late_growth|deep_32_63|odd,32-63 -> 32-63,5,0.19258182104829938,0.19649995000960088,-0.0039181289613015036,0.980060407337966,0.0039181289613015036,0.22700821485531208,32-63,0.2039536329389166,0.20775354922603018,0.9442431511184552,0.9458319761161544,-0.0015888249976991897,0.0015888249976991897
transition,late_growth|deep_32_63|odd,64-95 -> 32-63,6,0.006301626366376973,0.006370243093156545,-6.861672677957193e-05,0.9892285544246677,6.861672677957193e-05,0.003975509946020555,64-95,0.03501666648984015,0.03661335431576353,0.17996077291381657,0.1739868747948586,0.00597389811895796,0.00597389811895796
transition,late_growth|deep_32_63|odd,64-95 -> 64-95,6,0.02871504012346194,0.030243111222624738,-0.0015280710991627984,0.9494737466686411,0.0015280710991627984,0.08853325039044022,64-95,0.03501666648984015,0.03661335431576353,0.8200392270861481,0.8260131252056263,-0.005973898119478238,0.005973898119478238
transition,late_growth|exhaustion_0_31|even,0-1 -> 0-1,0,0.0600860809445253,0.06096195594081186,-0.0008758749962865589,0.9856324328383271,0.0008758749962865589,0.026077689361785623,0-1,0.0600860809445253,0.06096195594081186,1.0,1.0,0.0,0.0
transition,late_growth|exhaustion_0_31|even,2-3 -> 0-1,1,0.0600860809445253,0.06096195594081186,-0.0008758749962865589,0.9856324328383271,0.0008758749962865589,0.026077689361785623,2-3,0.10602832449677371,0.10790908954455948,0.5666983914883389,0.5649380992658501,0.0017602922224887463,0.0017602922224887463
transition,late_growth|exhaustion_0_31|even,2-3 -> 2-3,1,0.0459422435522024,0.046947133603733864,-0.001004890051531461,0.9785952842187677,0.001004890051531461,0.029918893355431124,2-3,0.10602832449677371,0.10790908954455948,0.4333016085112272,0.43506190073402234,-0.0017602922227951678,0.0017602922227951678
transition,late_growth|exhaustion_0_31|even,4-7 -> 2-3,2,0.0600860809445253,0.06096195594081186,-0.0008758749962865589,0.9856324328383271,0.0008758749962865589,0.026077689361785623,4-7,0.19054548565155757,0.1944206825760676,0.31533720538728566,0.31355694843299575,0.001780256954289905,0.001780256954289905
transition,late_growth|exhaustion_0_31|even,4-7 -> 4-7,2,0.1304594047070227,0.13345872663519287,-0.002999321928170179,0.9775262209988802,0.002999321928170179,0.08929971271062999,4-7,0.19054548565155757,0.1944206825760676,0.6846627946126641,0.686443051566681,-0.0017802569540168456,0.0017802569540168456
transition,late_growth|exhaustion_0_31|even,8-15 -> 4-7,3,0.0600860809445253,0.06096195594081186,-0.0008758749962865589,0.9856324328383271,0.0008758749962865589,0.026077689361785623,8-15,0.35676038198418675,0.3632859310404266,0.16842139424323352,0.16780709279387973,0.0006143014493537879,0.0006143014493537879
transition,late_growth|exhaustion_0_31|even,8-15 -> 8-15,3,0.2966743010397487,0.3023239750991738,-0.005649674059425125,0.9813125172835803,0.005649674059425125,0.16820944283335254,8-15,0.35676038198418675,0.3632859310404266,0.831578605757011,0.8321929072049065,-0.0006143014478954267,0.0006143014478954267
transition,late_growth|exhaustion_0_31|even,16-31 -> 16-31,4,0.5023954319473306,0.5115653753930387,-0.009169943445708095,0.982074737879469,0.009169943445708095,0.2730194806977703,16-31,0.5624815128926747,0.5725273313343892,0.8931767896933371,0.8935213174901774,-0.0003445277968402438,0.0003445277968402438
transition,late_growth|exhaustion_0_31|even,16-31 -> 8-15,4,0.0600860809445253,0.06096195594081186,-0.0008758749962865589,0.9856324328383271,0.0008758749962865589,0.026077689361785623,16-31,0.5624815128926747,0.5725273313343892,0.1068232103052072,0.1064786825088819,0.0003445277963252946,0.0003445277963252946
transition,late_growth|exhaustion_0_31|even,32-63 -> 16-31,5,0.03812073473333983,0.039279633836825194,-0.001158899103485364,0.9704961836380745,0.001158899103485364,0.03450425112084793,32-63,0.2211753240229257,0.23155925928111276,0.17235527924167737,0.1696310221356329,0.0027242571060444865,0.0027242571060444865
transition,late_growth|exhaustion_0_31|even,32-63 -> 32-63,5,0.18305458928957458,0.1922796254443276,-0.009225036154753036,0.9520228098352311,0.009225036154753036,0.27465977247303996,32-63,0.2211753240229257,0.23155925928111276,0.8276447207582716,0.83036897786454,-0.002724257106268446,0.002724257106268446
transition,late_growth|exhaustion_0_31|odd,0-1 -> 0-1,0,0.04244254693985576,0.040780699890667224,0.0016618470491885362,1.040750822169407,0.0016618470491885362,0.041056980830792095,0-1,0.04244254693985576,0.040780699890667224,1.0,1.0,0.0,0.0
transition,late_growth|exhaustion_0_31|odd,2-3 -> 0-1,1,0.04244254693985576,0.040780699890667224,0.0016618470491885362,1.040750822169407,0.0016618470491885362,0.041056980830792095,2-3,0.07635074676271912,0.07216471629898533,0.5558890873950141,0.565105802144484,-0.009216714749469945,0.009216714749469945
transition,late_growth|exhaustion_0_31|odd,2-3 -> 2-3,1,0.033908199822905195,0.03138401640831219,0.002524183414593005,1.0804289477086961,0.002524183414593005,0.06236154531607014,2-3,0.07635074676271912,0.07216471629898533,0.4441109126055338,0.43489419785543404,0.009216714750099775,0.009216714750099775
transition,late_growth|exhaustion_0_31|odd,4-7 -> 2-3,2,0.04244254693985576,0.040780699890667224,0.0016618470491885362,1.040750822169407,0.0016618470491885362,0.041056980830792095,4-7,0.13427193530796402,0.13003968789997314,0.31609395397861956,0.3136019514445147,0.0024920025341048646,0.0024920025341048646
transition,late_growth|exhaustion_0_31|odd,4-7 -> 4-7,2,0.09182938836808517,0.08925898800925229,0.0025704003588328805,1.0287971039797856,0.0025704003588328805,0.06350336411018895,4-7,0.13427193530796402,0.13003968789997314,0.6839060460212085,0.6863980485550729,-0.0024920025338643903,0.0024920025338643903
transition,late_growth|exhaustion_0_31|odd,8-15 -> 4-7,3,0.04244254693985576,0.040780699890667224,0.0016618470491885362,1.040750822169407,0.0016618470491885362,0.041056980830792095,8-15,0.25206860094075645,0.24291867482472734,0.1683769687357094,0.16787799423033922,0.0004989745053701755,0.0004989745053701755
transition,late_growth|exhaustion_0_31|odd,8-15 -> 8-15,3,0.20962605400087836,0.202137974934067,0.007488079066811371,1.0370443953900983,0.007488079066811371,0.18499772217644755,8-15,0.25206860094075645,0.24291867482472734,0.831623031264202,0.8321220057696891,-0.000498974505487082,0.000498974505487082
transition,late_growth|exhaustion_0_31|odd,16-31 -> 16-31,4,0.35948660221156603,0.3432848710503205,0.016201731161245514,1.0471961700836812,0.016201731161245514,0.40027399996751317,16-31,0.4019291491514306,0.38406557094107135,0.8944029139725969,0.8938183920239808,0.0005845219486160236,0.0005845219486160236
transition,late_growth|exhaustion_0_31|odd,16-31 -> 8-15,4,0.04244254693985576,0.040780699890667224,0.0016618470491885362,1.040750822169407,0.0016618470491885362,0.041056980830792095,16-31,0.4019291491514306,0.38406557094107135,0.10559708602738124,0.10618160797580152,-0.0005845219484202774,0.0005845219484202774
transition,late_growth|exhaustion_0_31|odd,32-63 -> 16-31,5,0.027287301957607115,0.026469987807549587,0.0008173141500575284,1.0308770127134104,0.0008173141500575284,0.020192262222947874,32-63,0.16141021705866943,0.15802724487177516,0.16905560536907474,0.16750268492643525,0.0015529204426394938,0.0015529204426394938
transition,late_growth|exhaustion_0_31|odd,32-63 -> 32-63,5,0.1341229151010096,0.13155725706407398,0.0025656580369356197,1.019502215949106,0.0025656580369356197,0.06338620205287185,32-63,0.16141021705866943,0.15802724487177516,0.8309443946305987,0.8324973150726054,-0.0015529204420067222,0.0015529204420067222
transition,late_growth|tail_64_95|even,0-1 -> 0-1,0,0.0018780236005783095,0.0039041466614541795,-0.0020261230608758698,0.48103305624251347,0.0020261230608758698,0.015334186349088893,0-1,0.0018780236005783095,0.0039041466614541795,1.0,1.0,0.0,0.0
transition,late_growth|tail_64_95|even,2-3 -> 0-1,1,0.0018780236005783095,0.0039041466614541795,-0.0020261230608758698,0.48103305624251347,0.0020261230608758698,0.015334186349088893,2-3,0.0034268124938011337,0.006950956980979971,0.5480380394245451,0.5616703818103271,-0.013632342385782037,0.013632342385782037
transition,late_growth|tail_64_95|even,2-3 -> 2-3,1,0.001548788893222812,0.0030468103195263017,-0.0014980214263034897,0.5083312483540516,0.0014980214263034897,0.011337386237505026,2-3,0.0034268124938011337,0.006950956980979971,0.45196196057545135,0.4383296181897462,0.013632342385705154,0.013632342385705154
transition,late_growth|tail_64_95|even,4-7 -> 2-3,2,0.0018780236005783095,0.0039041466614541795,-0.0020261230608758698,0.48103305624251347,0.0020261230608758698,0.015334186349088893,4-7,0.005310350382328131,0.012406799663839837,0.35365342498454083,0.31467798040077866,0.038975444583762175,0.038975444583762175
transition,late_growth|tail_64_95|even,4-7 -> 4-7,2,0.0034323267817497416,0.008502653002384654,-0.005070326220634912,0.4036771559167605,0.005070326220634912,0.03837344760504192,4-7,0.005310350382328131,0.012406799663839837,0.6463465750154441,0.6853220195991404,-0.038975444583696284,0.038975444583696284
transition,late_growth|tail_64_95|even,8-15 -> 4-7,3,0.0018780236005783095,0.0039041466614541795,-0.0020261230608758698,0.48103305624251347,0.0020261230608758698,0.015334186349088893,8-15,0.011275334274768324,0.02298733096738458,0.16656034799614822,0.1698390590448953,-0.0032787110487470794,0.0032787110487470794
transition,late_growth|tail_64_95|even,8-15 -> 8-15,3,0.009397310674190078,0.019083184305922988,-0.00968587363173291,0.49243933944888674,0.00968587363173291,0.07330501986316329,8-15,0.011275334274768324,0.02298733096738458,0.8334396520038574,0.8301609409547823,0.003278711049075067,0.003278711049075067
transition,late_growth|tail_64_95|even,16-31 -> 16-31,4,0.019428684622047058,0.03931530904905944,-0.01988662442701238,0.4941760625053986,0.01988662442701238,0.15050675386238713,16-31,0.02130670822262612,0.04321945571051802,0.911857637465334,0.9096669174269943,0.002190720038339644,0.002190720038339644
transition,late_growth|tail_64_95|even,16-31 -> 8-15,4,0.0018780236005783095,0.0039041466614541795,-0.0020261230608758698,0.48103305624251347,0.0020261230608758698,0.015334186349088893,16-31,0.02130670822262612,0.04321945571051802,0.08814236253463076,0.0903330825729037,-0.0021907200382729475,0.0021907200382729475
transition,late_growth|tail_64_95|even,32-63 -> 16-31,5,0.0018780236005783095,0.0039041466614541795,-0.0020261230608758698,0.48103305624251347,0.0020261230608758698,0.015334186349088893,32-63,0.038485505789517545,0.08220797332086761,0.048798204987858945,0.0474910948870595,0.0013071101007994454,0.0013071101007994454
transition,late_growth|tail_64_95|even,32-63 -> 32-63,5,0.03660748218893929,0.07830382665944419,-0.041696344470504895,0.4675056603319154,0.041696344470504895,0.315567957609706,32-63,0.038485505789517545,0.08220797332086761,0.9512017950121425,0.9525089051133145,-0.0013071101011720154,0.0013071101011720154
transition,late_growth|tail_64_95|even,64-95 -> 32-63,6,0.0018780236005783095,0.0039041466614541795,-0.0020261230608758698,0.48103305624251347,0.0020261230608758698,0.015334186349088893,64-95,0.033205396628379125,0.06786492988053719,0.05655778250735451,0.05752819119280988,-0.0009704086854553651,0.0009704086854553651
transition,late_growth|tail_64_95|even,64-95 -> 64-95,6,0.031327373027800795,0.06396078321900169,-0.03263341019120089,0.48979032856017235,0.03263341019120089,0.2469774925032495,64-95,0.033205396628379125,0.06786492988053719,0.9434422174926449,0.9424718088059918,0.0009704086866531014,0.0009704086866531014
transition,late_growth|tail_64_95|even,96-127 -> 64-95,7,0.0009791540145873997,0.0021422939782108955,-0.0011631399636234958,0.45705865980406923,0.0011631399636234958,0.00880292283162946,96-127,0.005197986859083323,0.01267563491060806,0.1883717756762617,0.16900881047134295,0.01936296520491876,0.01936296520491876
transition,late_growth|tail_64_95|even,96-127 -> 96-127,7,0.004218832844495807,0.010533340932397795,-0.006314508087901988,0.4005218165415859,0.006314508087901988,0.047789715043695565,96-127,0.005197986859083323,0.01267563491060806,0.8116282243237161,0.8309911895287069,-0.019362965204990812,0.019362965204990812
transition,late_growth|tail_64_95|odd,0-1 -> 0-1,0,0.00173604245185852,0.0025498276113673796,-0.0008137851595088597,0.6808469890745059,0.0008137851595088597,0.01510571943415482,0-1,0.00173604245185852,0.0025498276113673796,1.0,1.0,0.0,0.0
transition,late_growth|tail_64_95|odd,2-3 -> 0-1,1,0.00173604245185852,0.0025498276113673796,-0.0008137851595088597,0.6808469890745059,0.0008137851595088597,0.01510571943415482,2-3,0.0033304450988769587,0.004541804794800801,0.5212643956941135,0.5614128582290188,-0.04014846253490523,0.04014846253490523
transition,late_growth|tail_64_95|odd,2-3 -> 2-3,1,0.0015944026470184316,0.001991977183433472,-0.00039757453641504057,0.8004121032502184,0.00039757453641504057,0.007379895456528521,2-3,0.0033304450988769587,0.004541804794800801,0.47873560430588435,0.4385871417709925,0.04014846253489185,0.04014846253489185
transition,late_growth|tail_64_95|odd,4-7 -> 2-3,2,0.00173604245185852,0.0025498276113673796,-0.0008137851595088597,0.6808469890745059,0.0008137851595088597,0.01510571943415482,4-7,0.005285170215368388,0.008110436136331218,0.328474274453905,0.31438847042334306,0.014085804030561921,0.014085804030561921
transition,late_growth|tail_64_95|odd,4-7 -> 4-7,2,0.003549127763509756,0.00556060852496336,-0.002011480761453604,0.6382624756942662,0.002011480761453604,0.03733769739430526,4-7,0.005285170215368388,0.008110436136331218,0.6715257255460738,0.685611529576598,-0.014085804030524174,0.014085804030524174
transition,late_growth|tail_64_95|odd,8-15 -> 4-7,3,0.00173604245185852,0.0025498276113673796,-0.0008137851595088597,0.6808469890745059,0.0008137851595088597,0.01510571943415482,8-15,0.010496905410288561,0.01502091972664361,0.16538611943258388,0.16975176339199655,-0.004365643959412663,0.004365643959412663
transition,late_growth|tail_64_95|odd,8-15 -> 8-15,3,0.008760862958430973,0.012471092115276076,-0.0037102291568451035,0.7024936450994237,0.0037102291568451035,0.06887036464703773,8-15,0.010496905410288561,0.01502091972664361,0.8346138805675049,0.8302482366079932,0.004365643959511667,0.004365643959511667
transition,late_growth|tail_64_95|odd,16-31 -> 16-31,4,0.01852850522995058,0.025669727908179545,-0.007141222678228965,0.7218037252372493,0.007141222678228965,0.13255747531603393,16-31,0.02026454768180949,0.028219555519548932,0.9143310534674666,0.90964323978799,0.004687813679476571,0.004687813679476571
transition,late_growth|tail_64_95|odd,16-31 -> 8-15,4,0.00173604245185852,0.0025498276113673796,-0.0008137851595088597,0.6808469890745059,0.0008137851595088597,0.01510571943415482,16-31,0.02026454768180949,0.028219555519548932,0.0856689465325141,0.09035676021193889,-0.004687813679424793,0.004687813679424793
transition,late_growth|tail_64_95|odd,32-63 -> 16-31,5,0.00173604245185852,0.0025498276113673796,-0.0008137851595088597,0.6808469890745059,0.0008137851595088597,0.01510571943415482,32-63,0.034179941731691976,0.05369853918744709,0.05079126422994584,0.04748411502343892,0.003307149206506925,0.003307149206506925
transition,late_growth|tail_64_95|odd,32-63 -> 32-63,5,0.032443899279833155,0.05114871157607766,-0.018704812296244502,0.6343053085819511,0.018704812296244502,0.34720422621877817,32-63,0.034179941731691976,0.05369853918744709,0.9492087357700454,0.9525158849765228,-0.0033071492064774555,0.0033071492064774555
transition,late_growth|tail_64_95|odd,64-95 -> 32-63,6,0.00173604245185852,0.0025498276113673796,-0.0008137851595088597,0.6808469890745059,0.0008137851595088597,0.01510571943415482,64-95,0.031009383547306254,0.04463396367461613,0.05598442320564376,0.05712751907842541,-0.0011430958727816493,0.0011430958727816493
transition,late_growth|tail_64_95|odd,64-95 -> 64-95,6,0.029273341095447457,0.04208413606324098,-0.012810794967793526,0.6955908766062728,0.012810794967793526,0.23779774336111448,64-95,0.031009383547306254,0.04463396367461613,0.9440155767943473,0.9428724809214005,0.0011430958729468088,0.0011430958729468088
transition,late_growth|tail_64_95|odd,96-127 -> 64-95,7,0.0009336041688919063,0.0014230373708182112,-0.0004894332019263049,0.6560644070472352,0.0004894332019263049,0.009085003017898257,96-127,0.004953517258167318,0.008353558295988057,0.18847298197106055,0.17035104327956266,0.01812193869149789,0.01812193869149789
transition,late_growth|tail_64_95|odd,96-127 -> 96-127,7,0.004019913089275365,0.0069305209251682995,-0.0029106078358929347,0.5800304382138123,0.0029106078358929347,0.05402755854921994,96-127,0.004953517258167318,0.008353558295988057,0.8115270180289299,0.8296489567202522,-0.01812193869132228,0.01812193869132228
